PLAYER_ID,FIRST_NAME,LAST_NAME,POSITION,COLLEGE_NAME,DRAFT_YEAR,IS_DRAFTED,DRAFT_STATUS,DRAFT_ROUND,DRAFT_PICK,DRAFT_OVERALL_PICK,DRAFT_TEAM,FINAL_COLLEGE_SEASON,HEIGHT_IN,WEIGHT_LB,X40_COMPLETED,VJ_COMPLETED,SLJ_COMPLETED,BENCH_COMPLETED,X3CD_COMPLETED,PROA_COMPLETED,COMBINE_TESTS_MISSING,X40Y_SEC,VJ_IN,SLJ_IN,BENCH_REPS,X3CD_SEC,PROA_SEC,COLLEGE_SACKS,COLLEGE_TACKLES_SOLO,COLLEGE_TACKLES_ASSISTED,COLLEGE_TACKLES_COMBINED,COLLEGE_SACK_YDS,COLLEGE_FORCED_FUMBLES,COLLEGE_PASSES_DEFENDED,COLLEGE_INTERCEPTIONS,COLLEGE_INT_RETURN_YDS,NFL_CAREER_SACKS,NFL_CAREER_TACKLES_COMBINED,NFL_CAREER_TACKLES_SOLO,NFL_CAREER_TACKLES_ASSISTED,NFL_CAREER_TFL,NFL_CAREER_QB_HITS,NFL_CAREER_FORCED_FUMBLES,NFL_CAREER_FUMBLE_RECOVERIES,NFL_CAREER_INTERCEPTIONS,NFL_CAREER_PASSES_DEFENDED,NFL_CAREER_GAMES_PLAYED,NFL_SEASONS_RECORDED
15958,Mehdi,Abdesmad,DE,,2016,0,UDFA,,,,,2015,78,284,1,1,1,1,1,1,0,5.1,30,108,25,7.55,4.62,5.5,35,14,49,-35,0,0,0,0,0,1,1,0,0,0,0,0,0,0,2,1
18425,Adetomiwa,Adebawore,DE,,2023,1,DRAFTED,4,110,110,IND,2022,74,282,1,1,1,1,0,0,2,4.49,38,125,27,,,5,27,11,38,33,2,1,0,0,6.5,48,23,25,9,12,0,1,0,0,43,3
16628,Ola,Adeniyi,DE,,2018,0,UDFA,,,,,2017,74,248,1,1,0,1,1,1,1,4.83,32,,26,7.21,4.28,8.5,33,32,65,58,2,1,0,0,,,,,,,,,,,,0
14663,Frank,Alexander,DE,,2012,1,DRAFTED,4,103,103,CAR,2011,76,270,1,0,0,0,0,0,5,4.8,,,,,,8.5,35,19,54,-49,1,0,1,27,3.5,34,20,14,5,10,0,3,0,5,29,3
18068,Christopher,Allen,DE,,2022,0,UDFA,,,,,2020,76,241,0,0,0,0,0,0,6,,,,,,,5,20,13,33,30,2,0,0,0,,,,,,,,,,,,0
14315,Pierre,Allen,DE,,2011,0,UDFA,,,,,2010,75,273,1,0,0,0,0,0,5,4.78,,,,,,3,25,39,64,-21,0,0,0,0,,,,,,,,,,,,0
15648,Henry,Anderson,DE,,2015,1,DRAFTED,3,93,93,IND,2014,78,294,1,1,1,0,1,1,1,4.97,30,111,,7.2,4.19,8.5,40,26,66,-55,0,0,0,0,11.5,188,110,78,26,45,1,1,0,8,89,8
18390,MJ,Anderson,DE,,2023,0,UDFA,,,,,2022,75,269,0,1,0,0,0,0,5,,33,,,,,3.5,20,17,37,33,0,1,0,0,,,,,,,,,,,,0
18415,Felix,Anudike-Uzomah,DE,,2023,1,DRAFTED,1,31,31,KC,2022,75,255,0,0,0,0,0,0,6,,,,,,,8.5,31,15,46,50,2,1,0,0,3,41,24,17,8,14,2,1,0,0,34,2
15638,Arik,Armstead,DE,,2015,1,DRAFTED,1,17,17,SF,2014,79,292,1,1,1,1,1,1,0,5.06,34,117,24,7.57,4.53,2.5,26,21,47,-10,1,0,0,0,41,359,211,148,53,103,4,1,0,9,149,11
16653,Dorance,Armstrong,DE,,2018,1,DRAFTED,4,116,116,DAL,2017,76,257,1,1,1,1,1,1,0,4.87,30,118,20,7.12,4.23,2,33,30,63,10,3,4,0,0,,,,,,,,,,,,0
16664,Ade,Aruna,DE,,2018,1,DRAFTED,6,218,218,MIN,2017,78,262,1,1,1,1,1,1,0,4.6,39,128,18,7.53,4.48,3,15,10,25,24,0,2,0,0,,,,,,,,,,,,0
14330,Allen,Bailey,DE,,2011,1,DRAFTED,3,86,86,KC,2010,75,285,1,1,1,1,1,1,0,4.71,37,117,27,7.43,4.56,7,22,24,46,-33,0,0,0,0,22,248,164,84,40,40,4,7,0,6,133,10
14316,Brandon,Bair,DE,,2011,0,UDFA,,,,,2010,78,276,1,1,1,1,1,1,0,4.92,28,114,26,7.07,4.37,3,25,20,45,-17,0,0,0,0,1.5,28,20,8,3,2,0,0,0,4,21,2
18391,Habakkuk,Baldonado,DE,,2023,0,UDFA,,,,,2022,76,251,1,1,1,1,1,1,0,4.78,35,120,21,7.11,4.44,2,9,15,24,9,0,3,0,0,,,,,,,,,,,,0
14331,Christian,Ballard,DE,,2011,1,DRAFTED,4,106,106,MIN,2010,76,283,1,1,1,0,1,1,1,4.75,32,111,,7.54,4.51,3,23,20,43,-19,1,0,0,0,1,29,16,13,3,7,0,2,0,0,32,2
16969,Ben,Banogu,DE,,2019,1,DRAFTED,2,49,49,IND,2018,75,250,1,1,1,1,1,1,0,4.62,40,134,23,7.02,4.27,8.5,43,14,57,39,2,0,0,0,2.5,29,13,16,3,6,1,0,0,1,50,4
17668,Derrick,Barnes,DE,,2021,1,DRAFTED,4,113,113,DET,2019,73,238,1,1,1,1,0,1,1,4.57,37,119,29,,4.27,7.5,47,16,63,30,1,2,0,0,8,283,159,124,18,13,1,0,1,7,68,5
15632,Tavaris,Barnes,DE,,2015,0,UDFA,,,,,2014,76,282,1,0,0,1,0,0,4,4.8,,,22,,,3,10,3,13,-16,0,0,0,0,0,5,3,2,0,2,0,0,0,0,12,1
16299,Derek,Barnett,DE,,2017,1,DRAFTED,1,14,14,PHI,2016,75,259,1,1,1,0,1,1,1,4.88,31,117,,6.96,4.44,13,40,16,56,93,2,5,1,7,31.5,197,124,73,49,93,5,5,0,0,105,8
19056,Tyler,Baron,DE,,2025,1,DRAFTED,5,176,176,NYJ,2024,77,258,1,1,1,1,0,0,2,4.62,36,121,19,,,5.5,18,20,38,37,1,0,0,0,0,9,5,4,1,0,0,0,0,0,6,1
16308,Tarell,Basham,DE,,2017,1,DRAFTED,3,80,80,IND,2016,76,269,1,1,1,1,1,1,0,4.7,32,119,15,7.27,4.35,11.5,29,18,47,71,2,2,0,0,11,128,70,58,13,35,5,2,1,7,79,6
19026,Tyler,Batty,DE,,2025,0,UDFA,,,,,2024,78,271,1,1,1,1,1,1,0,4.78,34,120,27,7.21,4.54,1.5,33,26,59,7,0,2,2,14,0,12,9,3,2,0,0,0,0,0,12,1
14339,Jeremy,Beal,DE,,2011,1,DRAFTED,7,247,247,DEN,2010,74,262,1,1,1,1,1,1,0,5.14,29,106,22,7.19,4.46,8.5,41,31,72,-59,1,0,0,0,,,,,,,,,,,,0
15960,Jimmy,Bean,DE,,2016,0,UDFA,,,,,2015,77,264,1,0,0,1,0,0,4,4.87,,,20,,,5.5,19,6,25,-26,0,0,0,0,,,,,,,,,,,,0
16629,Davin,Bellamy,DE,,2018,0,UDFA,,,,,2017,77,255,0,0,0,1,0,0,5,,,,15,,,5,16,18,34,29,2,3,0,0,,,,,,,,,,,,0
14662,Jake,Bequette,DE,,2012,1,DRAFTED,3,90,90,NE,2011,77,274,1,1,1,0,1,1,1,4.75,34,113,,6.9,4.07,10,12,16,28,-88,0,0,0,0,,,,,,,,,,,,0
15986,Ronald,Blair,DE,,2016,1,DRAFTED,5,142,142,SF,2015,74,284,1,1,1,1,1,1,0,5.15,30,113,32,7.95,4.53,7.5,42,29,71,-63,1,0,1,30,14.5,116,71,45,26,31,1,2,0,0,55,5
14647,Jamie,Blatnick,DE,,2012,0,UDFA,,,,,2011,75,263,1,1,1,1,1,1,0,4.81,33,112,28,7.22,4.2,8,31,19,50,-52,0,0,1,6,,,,,,,,,,,,0
18084,Nik,Bonitto,DE,,2022,1,DRAFTED,2,64,64,DEN,2021,75,248,1,1,1,0,1,1,1,4.54,36,120,,7.07,4.23,7,23,16,39,39,1,1,0,0,37,138,93,45,44,75,6,1,1,7,64,4
18740,Austin,Booker,DE,,2024,1,DRAFTED,5,144,144,CHI,2023,77,240,1,1,1,0,0,0,3,4.79,33,120,,,,8,39,44,83,50,2,2,0,0,6,56,33,23,8,16,1,0,0,3,27,2
15972,Joey,Bosa,DE,,2016,1,DRAFTED,1,3,3,LAC,2015,77,269,1,1,1,1,1,1,0,4.86,32,120,24,6.89,4.21,5,35,16,51,-23,1,0,1,28,77,372,269,103,96,172,22,4,0,5,122,10
14329,Da'Quan,Bowers,DE,,2011,1,DRAFTED,2,51,51,TB,2010,75,280,1,0,0,1,0,0,4,4.92,,,22,,,15.5,41,26,67,-112,1,0,1,0,7,69,46,23,18,17,0,2,0,6,53,5
16982,Jordan,Brailford,DE,,2019,1,DRAFTED,7,253,253,WAS,2018,75,252,1,1,1,1,0,0,2,4.65,38,126,22,,,9,37,17,54,57,2,1,0,0,0,2,2,0,0,1,1,1,0,0,5,1
14658,Andre,Branch,DE,,2012,1,DRAFTED,2,38,38,JAX,2011,76,259,1,1,1,1,1,1,0,4.67,33,120,19,7.19,4.25,10.5,38,39,77,-75,0,0,0,0,25.5,188,125,63,34,46,8,4,0,14,95,7
18734,Chris,Braswell,DE,,2024,1,DRAFTED,2,57,57,TB,2023,75,251,1,1,1,0,0,0,3,4.6,34,115,,,,8,31,31,62,47,2,0,0,0,2.5,48,32,16,5,12,1,0,0,0,34,2
16658,Andrew,Brown,DE,,2018,1,DRAFTED,5,158,158,CIN,2017,76,296,1,1,1,1,1,1,0,5.03,28,101,31,7.51,4.48,3.5,18,28,46,26,1,0,0,0,1,18,13,5,1,3,0,0,0,0,25,4
16290,Fadol,Brown,DE,,2017,0,UDFA,,,,,2016,76,273,1,1,1,1,1,1,0,4.94,34,115,19,7.24,4.44,2.5,13,26,39,-15,0,0,0,0,0,17,14,3,1,2,0,0,0,1,8,1
16974,Austin,Bryant,DE,,2019,1,DRAFTED,4,117,117,DET,2018,76,271,0,0,0,0,0,0,6,,,,,,,8,18,26,44,45,0,0,0,0,4.5,66,42,24,7,11,0,0,0,1,35,5
14994,Michael,Buchanan,DE,,2013,1,DRAFTED,7,226,226,NE,2012,77,255,1,1,1,1,1,1,0,4.78,33,113,22,6.91,4.44,4.5,23,34,57,-44,0,0,1,0,2,11,7,4,2,5,0,1,0,0,18,2
15973,Deforest,Buckner,DE,,2016,1,DRAFTED,1,7,7,SF,2015,79,291,1,1,1,0,1,1,1,5.05,32,116,,7.51,4.47,10.5,45,38,83,-75,0,0,0,0,71.5,652,386,266,97,188,9,10,0,28,151,10
15982,Jonathan,Bullard,DE,,2016,1,DRAFTED,3,72,72,CHI,2015,75,285,1,1,1,1,1,1,0,4.93,32,116,23,7.31,4.56,6.5,40,23,63,-48,0,0,0,0,6.5,247,144,103,32,21,2,0,0,10,131,10
19046,Jordan,Burch,DE,,2025,1,DRAFTED,3,78,78,ARI,2024,76,279,1,0,0,0,0,0,5,4.67,,,,,,8.5,13,18,31,33,1,5,0,0,1,23,5,18,1,1,0,0,0,3,17,1
16967,Brian,Burns,DE,,2019,1,DRAFTED,1,16,16,CAR,2018,77,249,1,1,1,0,1,0,2,4.53,36,129,,7.01,,10,31,22,53,94,3,3,0,0,71,384,232,152,98,144,13,3,0,28,114,7
18717,Solomon,Byrd,DE,,2024,0,UDFA,,,,,2023,75,255,0,0,0,0,0,0,6,,,,,,,6,29,19,48,44,4,1,0,0,0,2,2,0,0,1,0,0,0,1,1,1
15983,Shilique,Calhoun,DE,,2016,1,DRAFTED,3,75,75,LV,2015,76,251,1,1,1,1,1,1,0,4.82,35,115,23,6.97,4.25,10.5,22,27,49,-74,0,0,0,0,2.5,56,37,19,4,13,3,0,0,1,51,5
16959,Malik,Carney,DE,,2019,0,UDFA,,,,,2018,74,251,1,1,1,1,1,0,1,4.73,33,113,25,7.4,,6.5,37,23,60,30,5,2,0,0,,,,,,,,,,,,0
14977,Tank,Carradine,DE,,2013,1,DRAFTED,2,40,40,SF,2012,76,276,1,0,0,1,0,0,4,4.9,,,28,,,11,47,33,80,-75,0,0,0,0,5.5,80,56,24,0,0,1,0,0,0,46,6
16317,Josh,Carraway,DE,,2017,1,DRAFTED,7,227,227,TEN,2016,75,242,1,1,1,1,1,1,0,4.74,30,120,25,7.2,4.44,8,25,24,49,53,0,0,0,0,,,,,,,,,,,,0
19034,Abdul,Carter,DE,,2025,1,DRAFTED,1,3,3,NYG,2024,75,250,0,0,0,0,0,0,6,,,,,,,12,43,25,68,89,2,4,0,0,4,43,25,18,7,23,2,2,0,0,17,1
11066,Andre,Carter,DE,,2001,1,DRAFTED,1,7,7,SF,2023,76,249,1,1,1,1,0,1,1,4.84,39,132,20,,4.24,2,27,22,49,16,0,3,0,0,17,119,72,47,23,46,4,1,0,4,51,4
16647,Lorenzo,Carter,DE,,2018,1,DRAFTED,3,66,66,NYG,2017,78,250,1,1,1,0,0,0,3,4.5,36,130,,,,4.5,31,31,62,40,3,0,0,0,21.5,278,170,108,35,58,5,4,2,18,96,7
18088,Zachary,Carter,DE,,2022,1,DRAFTED,3,95,95,CIN,2021,76,282,1,1,1,1,0,0,2,4.99,28,110,19,,,8,15,16,31,44,1,2,0,0,1,68,27,41,2,4,2,0,0,2,41,4
16301,Taco,Charlton,DE,,2017,1,DRAFTED,1,28,28,DAL,2016,78,277,1,1,1,1,1,1,0,4.92,33,116,25,7.17,4.39,9.5,20,19,39,52,0,2,0,0,11.5,95,54,41,12,22,4,1,0,3,60,6
15654,Anthony,Chickillo,DE,,2015,1,DRAFTED,6,212,212,PIT,2014,75,267,1,1,1,1,1,1,0,4.79,35,114,27,7.17,4.25,3,20,21,41,-31,0,0,0,0,8.5,108,66,42,12,16,3,3,0,4,76,6
14317,Ugo,Chinasa,DE,,2011,0,UDFA,,,,,2010,77,264,1,1,1,1,1,1,0,4.63,28,117,22,7.07,4.39,4,27,12,39,-30,1,0,1,22,,,,,,,,,,,,0
16641,Bradley,Chubb,DE,,2018,1,DRAFTED,1,5,5,DEN,2017,76,269,1,1,1,1,1,1,0,4.65,36,121,24,7.37,4.41,10,39,33,72,66,1,2,0,0,45.5,290,176,114,52,100,14,4,1,7,82,7
15645,Frank,Clark,DE,,2015,1,DRAFTED,2,63,63,SEA,2014,75,271,1,1,1,1,1,1,0,4.79,39,118,19,7.08,4.05,4.5,29,13,42,-52,0,0,0,0,58.5,265,182,83,67,131,14,7,2,13,122,9
15317,Will,Clarke,DE,,2014,1,DRAFTED,3,88,88,CIN,2013,78,271,1,1,1,1,1,1,0,4.77,32,112,22,7.26,4.57,6,36,14,50,-42,0,0,0,0,7,37,27,10,6,12,0,2,0,3,50,4
14325,Adrian,Clayborn,DE,,2011,1,DRAFTED,1,20,20,TB,2010,75,281,1,1,1,0,1,1,1,4.78,33,113,,7.3,4.13,3.5,19,33,52,-36,0,0,0,0,40,208,151,57,55,104,11,4,0,2,125,10
18090,Micheal,Clemons,DE,,2022,1,DRAFTED,4,117,117,NYJ,2021,77,263,0,0,1,1,0,0,4,,,116,24,,,7,23,9,32,43,1,2,0,0,8.5,119,63,56,13,20,2,0,0,2,65,4
15309,Jadeveon,Clowney,DE,,2014,1,DRAFTED,1,1,1,HOU,2013,77,266,1,1,1,1,1,1,0,4.53,38,124,21,7.27,4.43,3,29,12,41,-26,1,0,0,0,66.5,450,296,154,120,149,16,11,1,36,153,12
18746,Myles,Cole,DE,,2024,1,DRAFTED,7,236,236,JAX,2023,78,278,1,1,1,0,0,0,3,4.67,35,120,,,,3.5,21,11,32,25,0,1,0,0,0,8,4,4,1,0,0,0,0,0,8,1
17675,Jonathon,Cooper,DE,,2021,1,DRAFTED,7,239,239,DEN,2020,74,253,1,1,1,1,1,1,0,4.69,33,108,28,6.99,4.31,3.5,12,12,24,29,1,1,0,0,31.5,266,145,121,33,63,2,3,1,7,81,5
14653,Quinton,Coples,DE,,2012,1,DRAFTED,1,16,16,NYJ,2011,78,284,1,1,1,1,1,1,0,4.69,32,109,25,7.57,4.78,7.5,29,26,55,-52,1,0,0,0,16.5,114,77,37,30,55,2,1,0,3,56,4
15978,Kamalei,Correa,DE,,2016,1,DRAFTED,2,42,42,BAL,2015,75,243,1,1,1,1,0,0,2,4.69,33,108,21,,,7,22,16,38,-47,0,0,0,0,8.5,77,53,24,11,13,2,1,0,4,57,5
15633,Corey,Crawford,DE,,2015,0,UDFA,,,,,2014,77,299,1,1,1,0,1,1,1,5.01,33,110,,7.64,4.65,2,18,7,25,-31,0,0,0,0,,,,,,,,,,,,0
14666,Jack,Crawford,DE,,2012,1,DRAFTED,5,158,158,LV,2011,77,274,1,1,1,0,1,1,1,4.74,33,116,,7.15,4.25,6.5,15,21,36,-39,0,0,0,0,18,165,91,74,24,40,3,0,1,4,109,9
14661,Tyrone,Crawford,DE,,2012,1,DRAFTED,3,81,81,DAL,2011,76,275,1,1,1,1,1,1,0,4.82,33,113,28,7.09,4.44,6.5,20,24,44,-40,2,0,0,0,25,194,120,74,33,65,3,3,0,6,112,8
15315,Scott,Crichton,DE,,2014,1,DRAFTED,3,72,72,MIN,2013,75,273,1,1,1,1,1,1,0,4.84,32,108,24,7.19,4.29,7.5,28,18,46,-52,1,0,0,0,0,10,8,2,1,1,0,0,0,0,21,2
14664,Jared,Crick,DE,,2012,1,DRAFTED,4,126,126,HOU,2011,76,279,1,1,1,0,1,1,1,4.91,31,104,,7.47,4.4,1,7,15,22,-1,0,0,0,0,8.5,199,113,86,14,37,3,2,0,19,79,5
14659,Vinny,Curry,DE,,2012,1,DRAFTED,2,59,59,PHI,2011,75,266,1,1,1,0,1,1,1,4.87,32,110,,6.9,4.4,11,43,31,74,-69,6,0,0,0,32.5,209,150,59,48,93,5,2,0,2,134,10
16642,Marcus,Davenport,DE,,2018,1,DRAFTED,1,14,14,NO,2017,78,264,1,1,1,1,1,1,0,4.58,34,124,22,7.2,4.41,8.5,33,22,55,57,3,4,0,0,25,165,88,77,28,71,7,1,0,4,77,8
15634,Ryan,Delaire,DE,,2015,0,UDFA,,,,,2012,76,254,1,0,0,1,0,0,4,4.97,,,23,,,2.5,9,9,18,-27,0,0,0,0,3.5,14,10,4,4,6,0,0,0,1,15,3
18423,YaYa,Diaby,DE,,2023,1,DRAFTED,3,82,82,TB,2022,75,263,1,1,1,0,0,0,3,4.51,37,120,,,,9,22,15,37,58,0,2,0,0,19,142,93,49,38,47,3,3,0,1,51,3
19059,Fadil,Diggs,DE,,2025,1,DRAFTED,7,254,254,NO,2024,76,257,1,1,1,0,0,0,3,4.57,31,121,,,,7.5,27,18,45,34,1,1,0,0,,,,,,,,,,,,1
17672,Victor,Dimukeje,DE,,2021,1,DRAFTED,6,210,210,ARI,2020,73,262,1,1,1,1,1,1,0,4.87,35,115,28,7.25,4.35,7.5,23,21,44,54,2,1,0,0,4,70,43,27,7,16,2,0,0,2,60,5
14318,Demarcus,Dobbs,DE,,2011,0,UDFA,,,,,2010,74,281,1,1,1,0,1,1,1,4.87,31,107,,7.22,4.37,1,9,15,24,-7,0,0,0,0,0,42,26,16,6,3,0,0,0,1,56,5
15976,Kevin,Dodd,DE,,2016,1,DRAFTED,2,33,33,TEN,2015,77,277,1,0,0,0,0,0,5,4.86,,,,,,12,44,16,60,-71,0,0,0,0,1,12,9,3,2,3,0,0,0,0,18,2
16631,Garret,Dooley,DE,,2018,0,UDFA,,,,,2017,75,248,1,1,1,1,0,1,1,4.8,33,121,21,,4.28,7.5,18,22,40,45,1,1,0,0,,,,,,,,,,,,0
18738,Brandon,Dorlus,DE,,2024,1,DRAFTED,4,109,109,ATL,2023,75,283,1,1,1,0,1,1,1,4.85,31,111,,7.43,4.85,5,14,11,25,33,0,7,0,0,8.5,30,16,14,11,11,0,0,0,0,17,2
19027,Ethan,Downs,DE,,2025,0,UDFA,,,,,2024,76,269,1,1,1,1,1,1,0,4.69,34,119,32,7.58,4.59,3,21,8,29,22,1,2,0,0,0,5,1,4,0,0,1,0,0,0,1,1
15652,B.J.,Dubose,DE,,2015,1,DRAFTED,6,193,193,MIN,2014,76,284,1,0,0,1,0,0,4,5.06,,,26,,,4,22,19,41,-29,0,0,0,0,,,,,,,,,,,,0
18719,Khalid,Duke,DE,,2024,0,UDFA,,,,,2023,75,246,1,1,1,1,0,0,2,4.79,34,117,21,,,6,14,5,19,54,1,0,0,0,0,1,1,0,0,1,0,0,0,0,2,1
15314,Kony,Ealy,DE,,2014,1,DRAFTED,2,60,60,CAR,2013,76,273,1,1,1,1,1,1,0,4.92,31,114,22,6.83,4.45,9,31,12,43,-56,1,0,1,49,15,92,53,39,15,26,6,2,2,14,65,5
18078,Arnold,Ebiketie,DE,,2022,1,DRAFTED,2,38,38,ATL,2021,74,250,0,1,1,1,0,0,3,,38,128,21,,,9.5,34,28,62,62,2,0,0,0,16.5,129,80,49,17,41,4,1,0,6,67,4
14986,Lavar,Edwards,DE,,2013,1,DRAFTED,5,142,142,TEN,2012,76,277,1,1,1,0,1,1,1,4.8,33,119,,7.03,4.51,4.5,14,12,26,-32,0,0,1,23,1,19,11,8,4,2,0,0,0,2,19,4
16660,Duke,Ejiofor,DE,,2018,1,DRAFTED,6,177,177,HOU,2017,76,264,0,0,0,0,0,0,6,,,,,,,6.5,26,17,43,46,1,1,0,0,1,9,6,3,1,2,0,1,0,2,12,1
16292,Ken,Ekanem,DE,,2017,0,UDFA,,,,,2016,75,257,1,1,1,0,1,1,1,4.88,31,115,,7.38,4.58,7.5,20,16,36,39,0,2,0,0,,,,,,,,,,,,0
18736,Jonah,Elliss,DE,,2024,1,DRAFTED,3,76,76,DEN,2023,74,248,0,0,0,0,0,0,6,,,,,,,12,23,14,37,100,1,3,0,0,7.5,66,40,26,12,11,1,0,0,3,30,2
14334,Ricky,Elmore,DE,,2011,1,DRAFTED,6,197,197,GB,2010,76,255,1,1,1,1,1,1,0,4.88,32,106,26,7.25,4.32,11,31,18,49,-67,0,0,0,0,,,,,,,,,,,,0
18094,Kingsley,Enagbare,DE,,2022,1,DRAFTED,5,179,179,GB,2021,76,258,1,1,1,0,0,0,3,4.87,37,117,,,,4.5,29,15,44,30,1,2,0,0,11.5,146,79,67,25,31,3,1,0,4,68,4
18393,Ikenna,Enechukwu,DE,,2023,0,UDFA,,,,,2022,76,264,1,1,1,0,0,0,3,4.7,32,120,,,,4.5,16,21,37,25,1,0,0,0,,,,,,,,,,,,0
15325,I.K.,Enemkpali,DE,,2014,1,DRAFTED,6,210,210,NYJ,2013,73,261,1,1,1,1,1,1,0,4.86,34,112,28,7.67,4.65,5.5,21,26,47,-32,0,0,2,22,0,16,11,5,0,1,0,0,0,2,17,2
19038,Donovan,Ezeiruaku,DE,,2025,1,DRAFTED,2,44,44,DAL,2024,75,248,0,1,1,1,1,1,1,,36,119,22,6.94,4.19,16.5,37,43,80,91,3,1,0,0,2,40,20,20,9,12,1,0,0,0,17,1
15962,Jason,Fanaika,DE,,2016,0,UDFA,,,,,2015,74,271,1,1,1,1,1,1,0,4.92,36,113,23,7.06,4.39,4,27,26,53,-35,0,0,0,0,,,,,,,,,,,,0
16965,Clelin,Ferrell,DE,,2019,1,DRAFTED,1,4,4,LV,2018,76,264,0,0,0,1,1,1,3,,,,25,7.26,4.4,11.5,29,26,55,59,3,2,0,0,17,160,84,76,25,54,4,2,0,12,90,7
16661,Kylie,Fitts,DE,,2018,1,DRAFTED,6,181,181,CHI,2017,76,263,1,1,1,1,1,1,0,4.69,33,117,31,6.88,4.19,3,14,9,23,25,1,1,0,0,0,15,9,6,0,1,1,0,0,0,22,3
15649,Trey,Flowers,DE,,2015,1,DRAFTED,4,101,101,NE,2014,74,266,1,1,1,1,1,1,0,4.93,37,121,28,7.34,4.4,6,34,34,68,-71,0,0,0,0,31.5,265,161,104,37,87,10,4,0,7,78,7
15310,Dee,Ford,DE,,2014,1,DRAFTED,1,23,23,KC,2013,74,252,0,0,0,0,0,0,6,,,,,,,10.5,20,11,31,-96,1,0,0,0,40,159,117,42,44,79,12,0,0,7,85,8
18417,Isaiah,Foskey,DE,,2023,1,DRAFTED,2,40,40,NO,2022,77,264,1,1,1,1,1,1,0,4.58,34,125,22,7.28,4.41,11,23,22,45,80,1,0,0,0,0,29,11,18,0,1,0,0,0,1,35,3
14648,Justin,Francis,DE,,2012,0,UDFA,,,,,2011,74,268,1,1,1,1,1,1,0,4.9,32,109,23,7.05,4.35,6.5,31,29,60,-47,0,0,1,0,3,10,7,3,4,7,0,0,0,0,10,1
16297,Myles,Garrett,DE,,2017,1,DRAFTED,1,1,1,CLE,2016,76,272,1,1,1,1,0,0,2,4.64,41,128,33,,,8.5,18,15,33,59,1,2,0,0,125.5,412,293,119,149,239,23,6,0,18,134,9
18394,Ali,Gaye,DE,,2023,0,UDFA,,,,,2022,78,263,0,0,0,0,0,0,6,,,,,,,2.5,17,19,36,19,2,2,0,0,1,9,8,1,3,1,0,0,0,0,18,2
15303,James,Gayle,DE,,2014,0,UDFA,,,,,2013,76,259,1,1,1,1,1,1,0,4.7,37,122,26,7.19,4.27,6,20,24,44,-26,0,0,0,0,,,,,,,,,,,,0
14983,William,Gholston,DE,,2013,1,DRAFTED,4,126,126,TB,2012,78,281,1,1,1,1,1,1,0,4.96,29,110,23,7.2,4.59,4.5,24,36,60,-25,1,0,0,0,20.5,432,265,167,59,81,2,3,1,14,186,12
19043,Ashton,Gillotte,DE,,2025,1,DRAFTED,3,66,66,KC,2024,75,264,0,1,1,1,0,0,3,,37,120,24,,,4.5,23,20,43,22,0,0,0,0,1.5,38,14,24,3,8,0,0,1,1,17,1
14984,Malliciah,Goodman,DE,,2013,1,DRAFTED,4,127,127,ATL,2012,76,276,1,1,1,1,0,0,2,4.87,32,114,26,,,7,10,8,18,-41,1,0,0,0,0,29,12,17,2,3,2,2,0,0,36,4
16961,Carl,Granderson,DE,,2019,0,UDFA,,,,,2018,77,254,1,1,1,0,1,1,1,4.79,35,119,,7.44,4.41,3,28,12,40,13,0,2,1,61,34.5,299,175,124,53,70,5,2,1,10,105,7
16979,Gerri,Green,DE,,2019,1,DRAFTED,6,199,199,IND,2018,76,252,1,1,1,1,1,1,0,4.63,35,114,24,7.27,4.42,3.5,7,21,28,26,0,1,0,0,,,,,,,,,,,,0
19042,Mike,Green,DE,,2025,1,DRAFTED,2,59,59,BAL,2024,73,189,0,0,0,1,0,0,5,,,,28,,,17,38,43,81,144,3,2,0,0,3.5,41,17,24,7,14,0,1,0,0,17,1
16650,Rasheem,Green,DE,,2018,1,DRAFTED,3,79,79,SEA,2017,77,275,1,1,1,0,1,1,1,4.73,33,118,,7.24,4.39,10,19,24,43,48,1,4,0,0,19,151,91,60,19,40,3,2,0,8,86,6
15644,Randy,Gregory,DE,,2015,1,DRAFTED,2,60,60,DAL,2014,77,235,1,1,1,1,0,0,2,4.64,37,125,24,,,7,23,31,54,-67,0,0,1,0,19.5,106,75,31,23,61,10,2,1,3,60,7
16962,Porter,Gustin,DE,,2019,0,UDFA,,,,,2018,76,255,1,1,1,1,0,0,2,4.69,36,119,31,,,7,18,10,28,45,0,1,0,0,1,52,26,26,3,4,0,2,0,0,26,3
14669,Trevor,Guyton,DE,,2012,1,DRAFTED,7,219,219,MIN,2011,75,285,1,1,1,0,1,1,1,5.01,31,105,,7.45,4.53,5.5,19,22,41,-33,1,0,0,0,,,,,,,,,,,,0
15653,Obum,Gwacham,DE,,2015,1,DRAFTED,6,209,209,SEA,2014,77,246,1,1,1,1,1,1,0,4.72,36,121,22,7.28,4.28,4,17,11,28,-27,1,0,0,0,2.5,10,7,3,2,4,1,1,0,0,14,2
16307,Daeshon,Hall,DE,,2017,1,DRAFTED,3,77,77,CAR,2016,77,266,1,1,1,1,1,1,0,4.76,36,123,18,7.03,4.38,3.5,28,22,50,26,2,1,0,0,1.5,9,6,3,1,3,0,0,0,0,12,2
18416,Derick,Hall,DE,,2023,1,DRAFTED,2,37,37,SEA,2022,75,254,1,1,1,0,0,0,3,4.55,34,127,,,,6.5,41,19,60,36,2,0,1,19,10,105,49,56,12,38,2,1,0,3,48,3
18077,Logan,Hall,DE,,2022,1,DRAFTED,2,33,33,TB,2021,78,283,1,1,0,0,1,1,2,4.88,30,,,7.25,4.44,6,24,23,47,44,0,0,0,0,10,101,53,48,15,23,1,3,0,4,66,4
18431,Nick,Hampton,DE,,2023,1,DRAFTED,5,161,161,LAR,2022,74,236,1,1,1,0,0,0,3,4.58,36,120,,,,7,20,19,39,29,3,1,0,0,0,17,8,9,0,0,0,0,0,2,36,3
16632,Dashawn,Hand,DE,,2018,0,UDFA,,,,,2017,76,297,1,1,1,1,1,1,0,4.83,32,111,28,7.98,4.62,3,9,18,27,23,0,1,0,0,6.5,131,83,48,17,14,4,2,1,9,75,7
18747,Jaylen,Harrell,DE,,2024,1,DRAFTED,7,252,252,TEN,2023,76,250,0,1,1,0,0,0,4,,37,118,,,,6.5,15,16,31,54,2,1,0,0,4.5,38,22,16,7,8,1,0,0,0,34,2
16300,Charles,Harris,DE,,2017,1,DRAFTED,1,22,22,MIA,2016,75,253,1,1,1,1,1,1,0,4.82,32,109,21,7.47,4.42,9,35,26,61,-51,1,0,0,0,19.5,192,111,81,31,60,3,1,0,5,99,8
18421,Zach,Harrison,DE,,2023,1,DRAFTED,3,75,75,ATL,2022,78,274,0,0,0,1,0,0,5,,,,25,,,3.5,20,14,34,22,3,4,1,2,8.5,81,33,48,12,11,2,0,0,4,40,3
15320,Taylor,Hart,DE,,2014,1,DRAFTED,5,141,141,PHI,2013,78,281,1,0,0,1,0,0,4,4.92,,,21,,,3.5,43,32,75,-16,1,0,0,0,0,29,13,16,1,0,0,0,0,0,15,2
19057,Ahmed,Hassanein,DE,,2025,1,DRAFTED,6,196,196,DET,2024,74,267,1,1,1,1,0,0,2,4.77,33,113,27,,,9.5,28,20,48,62,0,0,0,0,,,,,,,,,,,,0
12694,Jason,Hatcher,DE,,2006,1,DRAFTED,3,92,92,DAL,2015,78,284,1,1,1,1,1,1,0,4.82,36,113,28,7.67,4.49,2,17,22,39,-16,0,0,0,0,28,178,121,57,40,63,4,3,1,8,85,6
16633,James,Hearns,DE,,2018,0,UDFA,,,,,2017,75,239,1,0,0,1,0,0,4,4.89,,,22,,,7,29,13,42,48,4,3,0,0,,,,,,,,,,,,0
16310,Trey,Hendrickson,DE,,2017,1,DRAFTED,3,103,103,NO,2016,76,266,1,1,1,0,1,1,1,4.65,34,122,,7.03,4.2,9.5,24,25,49,-60,0,0,0,0,81,236,162,74,74,163,15,0,0,16,117,9
18395,KJ,Henry,DE,,2023,0,UDFA,,,,,2022,76,251,1,1,1,0,0,0,3,4.63,32,112,,,,3.5,26,25,51,31,1,6,0,0,2.5,22,15,7,5,3,0,0,0,2,12,2
18429,Nick,Herbig,DE,,2023,1,DRAFTED,4,132,132,PIT,2022,74,240,1,0,0,1,0,0,4,4.65,,,25,,,11,32,15,47,86,2,2,0,0,16,79,53,26,23,32,9,4,1,3,45,3
14327,Cameron,Heyward,DE,,2011,1,DRAFTED,1,31,31,PIT,2010,77,294,1,1,0,0,0,0,4,4.95,30,,,,,3.5,25,23,48,-26,0,0,1,80,92,796,477,319,142,208,9,7,2,64,228,15
16634,Jeff,Holland,DE,,2018,0,UDFA,,,,,2017,74,249,1,0,1,0,0,0,4,4.79,,116,,,,10,27,18,45,67,3,1,0,0,0,6,1,5,0,0,0,0,0,0,3,1
16976,Justin,Hollins,DE,,2019,1,DRAFTED,5,156,156,DEN,2018,77,248,1,1,1,1,1,1,0,4.5,37,119,25,7.06,4.4,6.5,38,26,64,51,5,6,1,7,7,106,64,42,6,11,3,1,0,3,53,5
16652,Jalyn,Holmes,DE,,2018,1,DRAFTED,4,102,102,MIN,2017,77,283,1,1,0,1,0,0,3,4.82,32,,25,,,2,18,12,30,10,1,3,0,0,2,90,38,52,8,8,0,0,0,3,54,8
18424,Dylan,Horton,DE,,2023,1,DRAFTED,4,109,109,HOU,2022,76,257,0,1,1,1,0,0,3,,34,120,18,,,10,31,17,48,79,1,4,0,0,0.5,55,25,30,3,8,1,1,0,1,39,3
16649,Sam,Hubbard,DE,,2018,1,DRAFTED,3,77,77,CIN,2017,77,270,0,1,1,0,1,1,2,,35,116,,6.84,4.32,7,27,15,42,49,2,0,0,0,38.5,398,236,162,55,98,6,5,1,16,104,7
17674,Wyatt,Hubert,DE,,2021,1,DRAFTED,7,235,235,CIN,2020,74,258,1,1,1,0,1,1,1,4.93,33,110,,7.03,4.28,8.5,19,8,27,41,2,1,0,0,,,,,,,,,,,,0
14978,Margus,Hunt,DE,,2013,1,DRAFTED,2,53,53,CIN,2012,80,277,1,1,1,1,1,1,0,4.62,35,121,38,7.07,4.51,8,20,12,32,-56,1,0,1,9,7.5,122,79,43,27,21,1,1,0,7,105,9
15647,Danielle,Hunter,DE,,2015,1,DRAFTED,3,88,88,MIN,2014,77,252,1,0,0,1,0,0,4,4.57,,,25,,,1.5,30,43,73,-8,1,0,0,0,114.5,562,375,187,140,179,15,5,0,14,153,10
18073,Aidan,Hutchinson,DE,,2022,1,DRAFTED,1,2,2,DET,2021,79,260,1,1,1,0,1,1,1,4.74,36,117,,6.73,4.15,14,36,26,62,73,2,3,0,0,43,176,118,58,44,100,8,5,5,13,56,4
18396,Andre Carter,II,DE,,2023,0,UDFA,,,,,2022,79,256,0,1,1,1,0,1,2,,30,109,11,,4.36,3,21,16,37,18,0,2,0,0,0.5,3,0,3,0,1,0,0,0,0,15,2
18398,Will McDonald,IV,DE,,2023,0,UDFA,,,,,2022,76,239,0,1,1,0,0,0,4,,36,132,,,,5,23,13,36,40,1,4,0,0,,,,,,,,,,,,0
15655,Martin,Ifedi,DE,,2015,1,DRAFTED,7,227,227,LAR,2014,75,275,1,1,1,1,1,1,0,4.88,31,111,16,7.39,4.58,2.5,26,3,29,-18,0,0,0,0,,,,,,,,,,,,0
18397,Thomas,Incoom,DE,,2023,0,UDFA,,,,,2022,74,262,1,1,1,1,0,0,2,4.66,31,118,23,,,11.5,33,24,57,72,1,0,0,0,0,27,18,9,1,1,0,0,0,0,29,3
18737,Adisa,Isaac,DE,,2024,1,DRAFTED,3,93,93,BAL,2023,76,247,1,1,1,0,0,0,3,4.74,35,123,,,,8,35,24,59,52,1,1,0,0,0,4,2,2,1,0,0,0,0,1,4,1
19028,Jared,Ivey,DE,,2025,0,UDFA,,,,,2024,78,274,0,0,0,0,0,0,6,,,,,,,7,23,19,42,59,2,3,0,0,,,,,,,,,,,,0
15963,Branden,Jackson,DE,,2016,0,UDFA,,,,,2015,76,273,1,1,1,1,1,1,0,5.06,32,113,20,7.4,4.77,2,24,7,31,-12,0,0,0,0,3.5,42,31,11,6,7,0,0,0,3,39,4
18741,Brennan,Jackson,DE,,2024,1,DRAFTED,5,154,154,LAR,2023,76,264,1,1,1,1,0,0,2,4.69,34,114,21,,,8.5,17,14,31,51,1,1,0,0,0,6,4,2,0,0,0,0,0,1,10,2
18083,Drake,Jackson,DE,,2022,1,DRAFTED,2,61,61,SF,2021,73,293,0,1,1,0,0,0,4,,37,127,,,,5,23,14,37,30,1,1,1,9,6,24,13,11,5,9,0,0,1,9,26,3
19044,Landon,Jackson,DE,,2025,1,DRAFTED,3,72,72,BUF,2024,78,264,1,1,1,0,0,0,3,4.68,41,129,,,,6.5,28,21,49,45,1,3,0,0,,,,,,,,,,,,0
14665,Malik,Jackson,DE,,2012,1,DRAFTED,5,137,137,DEN,2011,77,284,1,1,1,1,1,1,0,4.85,28,105,25,7.38,4.41,2.5,24,33,57,-14,1,0,0,0,35.5,292,206,86,63,106,6,4,0,29,141,9
17671,Tarron,Jackson,DE,,2021,1,DRAFTED,6,191,191,PHI,2020,74,254,1,1,1,1,1,1,0,4.68,29,118,25,7.45,4.51,8.5,25,29,54,50,3,0,0,0,1,18,11,7,2,1,1,0,0,0,17,2
16665,Leon,Jacobs,DE,,2018,1,DRAFTED,7,230,230,JAX,2017,75,246,1,1,1,1,1,1,0,4.48,35,122,26,7.14,4.44,3.5,35,25,60,28,0,3,2,5,2,66,50,16,5,3,0,1,0,1,29,3
14649,Jamaar,Jarrett,DE,,2012,0,UDFA,,,,,2011,77,265,1,1,1,1,0,1,1,4.96,30,114,21,,4.34,2,21,14,35,-15,1,0,0,0,,,,,,,,,,,,0
18745,Javontae,Jean-Baptiste,DE,,2024,1,DRAFTED,7,222,222,WAS,2023,77,239,1,1,1,0,0,0,3,4.66,35,127,,,,5,21,28,49,40,0,1,0,0,2,19,8,11,2,3,0,0,0,0,15,2
15304,Jackson,Jeffcoat,DE,,2014,0,UDFA,,,,,2013,75,247,1,1,1,1,1,1,0,4.63,36,123,18,6.97,4.18,13,40,39,79,-75,1,0,1,8,1,9,6,3,1,2,1,0,1,1,9,2
18721,Trajan,Jeffcoat,DE,,2024,0,UDFA,,,,,2023,76,266,1,1,1,1,0,0,2,4.69,32,120,21,,,4,7,9,16,23,0,0,0,0,,,,,,,,,,,,0
16963,Cece,Jefferson,DE,,2019,0,UDFA,,,,,2017,73,266,1,1,1,1,1,1,0,5.02,31,108,17,7.5,4.53,4.5,19,28,47,14,0,1,0,0,,,,,,,,,,,,0
16981,Jalen,Jelks,DE,,2019,1,DRAFTED,7,241,241,DAL,2018,77,256,1,1,1,1,1,1,0,4.92,33,113,19,7.22,4.59,3.5,30,26,56,26,0,1,0,0,,,,,,,,,,,,0
14989,Brandon,Jenkins,DE,,2013,1,DRAFTED,5,162,162,WAS,2011,74,251,1,0,0,1,0,0,4,5.07,,,18,,,8,29,12,41,-63,0,0,0,0,0,2,1,1,0,0,0,0,0,0,5,1
14670,Cam,Johnson,DE,,2012,1,DRAFTED,7,237,237,SF,2011,75,268,1,1,1,0,1,1,1,4.75,35,105,,7.2,4.38,4,15,15,30,-25,0,0,0,0,3,40,26,14,3,6,2,0,0,1,25,3
18744,Cedric,Johnson,DE,,2024,1,DRAFTED,6,214,214,CIN,2023,75,260,1,1,1,1,0,0,2,4.63,38,122,25,,,5.5,17,23,40,33,1,3,0,0,3,27,16,11,3,9,0,2,0,0,18,2
18399,DJ,Johnson,DE,,2023,0,UDFA,,,,,2022,76,260,1,1,1,1,0,0,2,4.49,32,110,28,,,6,15,24,39,42,0,2,0,0,0.5,70,34,36,4,1,0,1,0,2,38,4
13678,Michael,Johnson,DE,,2009,1,DRAFTED,3,70,70,CIN,2015,75,205,1,1,1,1,1,1,0,4.61,39,128,28,7.42,4.37,3,58,45,103,-34,0,0,0,0,41.5,381,257,124,61,108,8,4,4,28,139,9
17659,Mustafa,Johnson,DE,,2021,0,UDFA,,,,,2021,73,280,0,1,1,1,1,1,1,,29,103,27,7.18,4.51,2,15,7,22,12,0,0,0,0,,,,,,,,,,,,0
17673,Patrick,Johnson,DE,,2021,1,DRAFTED,7,234,234,PHI,2020,78,240,1,1,1,1,1,1,0,4.59,35,119,16,6.97,4.41,10,28,11,39,57,2,2,0,0,1,47,29,18,2,6,1,1,0,0,69,5
18069,Tyree,Johnson,DE,,2022,0,UDFA,,,,,2021,75,248,0,0,0,1,0,0,5,,,,21,,,8.5,20,11,31,53,1,0,0,0,,,,,,,,,,,,0
17660,Zeandae,Johnson,DE,,2021,0,UDFA,,,,,2019,75,270,1,1,1,1,0,0,2,4.89,28,108,22,,,3.5,16,13,29,25,1,2,0,0,,,,,,,,,,,,0
14654,Chandler,Jones,DE,,2012,1,DRAFTED,1,21,21,NE,2011,77,266,1,1,1,1,1,1,0,4.77,35,120,22,7.07,4.38,4.5,31,8,39,-30,1,0,1,32,112,511,352,159,121,210,34,13,1,30,154,11
14976,Datone,Jones,DE,,2013,1,DRAFTED,1,26,26,GB,2012,76,283,1,1,1,1,1,1,0,4.8,32,112,29,7.32,4.32,5.5,43,15,58,-31,0,0,0,0,9,80,58,22,16,35,0,1,1,7,63,7
13351,Jason,Jones,DE,,2008,1,DRAFTED,2,54,54,TEN,2012,77,273,1,1,1,1,1,1,0,4.76,26,123,18,7.29,4.32,3.5,14,13,27,-34,0,0,0,0,22.5,165,122,43,33,58,7,2,0,19,89,7
19048,Sai'vion,Jones,DE,,2025,1,DRAFTED,3,101,101,DEN,2024,77,280,0,1,1,1,0,0,3,,33,119,19,,,4.5,19,21,40,22,2,2,0,0,0,0,0,0,0,0,0,1,0,0,3,1
14326,Cameron,Jordan,DE,,2011,1,DRAFTED,1,24,24,NO,2010,76,287,1,1,1,1,1,1,0,4.74,31,117,25,7.07,4.37,5.5,26,25,51,-32,1,0,0,0,132,763,494,269,175,248,17,12,3,67,243,15
19029,Jah,Joyner,DE,,2025,0,UDFA,,,,,2024,76,262,1,1,0,0,1,1,2,4.6,30,,,7.33,4.68,4.5,12,20,32,34,2,7,0,0,,,,,,,,,,,,0
18400,Andre Jones,Jr.,DE,,2023,0,UDFA,,,,,2022,77,248,0,1,1,0,0,0,4,,29,116,,,,6.5,21,27,48,32,1,1,1,0,,,,,,,,,,,,0
16312,Deatrich Wise,Jr.,DE,,2017,1,DRAFTED,4,131,131,NE,2016,77,274,1,1,1,1,0,0,2,4.92,33,124,22,,,3.5,21,28,49,23,1,3,0,0,34,318,179,139,35,91,5,1,0,12,128,9
19037,James Pearce,Jr.,DE,,2025,1,DRAFTED,1,26,26,ATL,2024,77,245,1,1,1,0,0,0,3,4.47,31,123,,,,7.5,23,15,38,53,1,1,0,0,,,,,,,,,,,,0
15641,"Mario Edwards,",Jr.,DE,,2015,1,DRAFTED,2,35,35,LV,2014,75,279,1,1,1,1,1,1,0,4.76,33,120,32,7.44,4.55,3,14,9,23,-27,1,0,0,0,,,,,,,,,,,,0
18401,Viliami Fehoko,Jr.,DE,,2023,0,UDFA,,,,,2022,76,276,0,0,0,1,0,0,5,,,,24,,,9,41,28,69,60,2,1,0,0,,,,,,,,,,,,0
18411,Will Anderson,Jr.,DE,,2023,1,DRAFTED,1,3,3,HOU,2022,76,253,1,0,0,0,0,0,5,4.6,,,,,,10,24,27,51,58,0,1,1,25,,,,,,,,,,,,0
16663,Peter,Kalambayi,DE,,2018,1,DRAFTED,6,214,214,HOU,2017,75,252,1,1,1,1,1,1,0,4.57,34,121,19,7.13,4.36,11,33,26,59,24,0,1,0,0,0,33,17,16,0,0,0,0,0,0,41,3
15964,Ufomba,Kamalu,DE,,2016,0,UDFA,,,,,2014,77,295,1,1,1,1,1,1,0,5.01,25,106,26,7.32,4.58,3.5,21,13,34,-19,0,0,0,0,3,12,9,3,6,4,0,0,0,0,15,3
18742,Mohamed,Kamara,DE,,2024,1,DRAFTED,5,158,158,MIA,2023,73,248,1,1,1,1,0,0,2,4.57,35,123,23,,,13,29,27,56,81,2,1,0,0,0,1,0,1,0,1,0,0,0,0,5,1
18076,George,Karlaftis,DE,,2022,1,DRAFTED,1,30,30,KC,2021,76,266,0,1,1,1,0,1,2,,38,121,21,,4.36,4.5,25,11,36,20,2,2,0,0,,,,,,,,,,,,0
15981,Bronson,Kaufusi,DE,,2016,1,DRAFTED,3,70,70,BAL,2015,78,285,1,1,1,1,1,1,0,4.87,30,111,25,7.03,4.25,11,45,19,64,-72,2,0,1,10,0.5,8,4,4,0,1,0,0,0,0,6,3
19051,Kyle,Kennard,DE,,2025,1,DRAFTED,4,125,125,LAC,2024,76,254,1,0,0,1,0,0,4,4.73,,,23,,,11.5,20,8,28,96,3,1,0,0,0,2,1,1,0,0,0,0,0,0,5,1
14324,Ryan,Kerrigan,DE,,2011,1,DRAFTED,1,16,16,WAS,2010,76,267,1,1,1,1,1,1,0,4.67,34,122,31,7.18,4.39,12.5,50,20,70,-74,1,0,0,0,95.5,457,333,124,120,149,26,4,3,25,172,11
16651,Arden,Key,DE,,2018,1,DRAFTED,3,87,87,LV,2017,78,238,0,1,1,0,1,1,2,,31,117,,7.16,4.25,4,15,18,33,21,1,0,0,0,30.5,192,111,81,39,96,4,2,0,8,116,8
14332,Karl,Klug,DE,,2011,1,DRAFTED,5,142,142,TEN,2010,75,275,1,0,0,1,0,0,4,4.85,,,22,,,5.5,29,28,57,-48,1,0,0,0,21.5,128,87,41,30,39,5,1,0,8,109,7
18733,Marshawn,Kneeland,DE,,2024,1,DRAFTED,2,56,56,DAL,2023,75,267,1,1,1,1,1,1,0,4.75,36,119,21,7.02,4.18,4.5,29,28,57,46,2,0,0,0,1,26,15,11,5,4,0,1,0,1,18,2
17666,Malcolm,Koonce,DE,,2021,1,DRAFTED,3,79,79,LV,2020,74,249,0,0,0,0,0,0,6,,,,,,,5,16,14,30,32,0,2,0,0,14.5,85,54,31,17,32,4,0,0,0,56,4
14992,Joe,Kruger,DE,,2013,1,DRAFTED,7,212,212,PHI,2012,78,269,1,1,1,1,1,1,0,4.83,34,117,24,7.17,4.46,6,19,11,30,-37,0,0,1,24,,,,,,,,,,,,0
18428,Tyler,Lacy,DE,,2023,1,DRAFTED,4,130,130,JAX,2022,76,279,1,1,1,1,1,0,1,5.11,29,116,30,7.6,,3,12,15,27,23,0,1,0,0,1,58,21,37,3,6,0,0,0,1,38,3
18729,Laiatu,Latu,DE,,2024,1,DRAFTED,1,15,15,IND,2023,77,259,1,1,1,0,0,0,3,4.64,32,116,,,,13,28,21,49,76,2,2,2,46,12.5,77,43,34,17,32,4,1,3,6,33,2
15312,Demarcus,Lawrence,DE,,2014,1,DRAFTED,2,34,34,DAL,2013,75,251,1,1,1,1,1,1,0,4.8,35,113,20,7.46,4.31,10.5,39,33,72,-77,0,0,0,0,67.5,503,309,194,108,146,24,11,2,21,157,12
16311,Carl,Lawson,DE,,2017,1,DRAFTED,4,116,116,CIN,2016,74,261,1,1,1,1,1,1,0,4.67,33,114,35,7.46,4.19,9,15,15,30,62,1,0,0,0,32,135,76,59,32,122,4,1,0,0,90,8
15974,Shaq,Lawson,DE,,2016,1,DRAFTED,1,19,19,BUF,2015,75,269,1,1,1,0,1,1,1,4.7,33,120,,7.16,4.21,12.5,35,23,58,-91,0,0,0,0,26,207,121,86,42,77,7,2,1,14,109,8
14980,Corey,Lemonier,DE,,2013,1,DRAFTED,3,88,88,SF,2012,75,255,1,1,1,1,1,1,0,4.6,33,119,27,7.14,4.4,5.5,15,13,28,-32,0,0,0,0,3,46,35,11,3,9,2,1,0,3,50,4
18403,Eku,Leota,DE,,2023,0,UDFA,,,,,2022,75,252,0,0,0,0,0,0,6,,,,,,,2,13,4,17,19,0,0,0,0,1,9,6,3,3,2,0,0,0,0,13,3
16646,Tyquan,Lewis,DE,,2018,1,DRAFTED,2,64,64,IND,2017,75,265,0,1,1,0,0,0,4,,36,122,,,,7,12,8,20,42,2,2,0,0,18,130,86,44,32,46,2,0,1,11,88,8
19030,Steve,Linton,DE,,2025,0,UDFA,,,,,2024,76,242,0,1,1,1,1,0,2,,33,124,21,7.25,,3,25,1,26,31,1,0,0,0,,,,,,,,,,,,0
16666,James,Looney,DE,,2018,1,DRAFTED,7,232,232,GB,2017,75,287,1,1,1,1,1,1,0,4.89,36,113,28,7.32,4.37,3.5,19,22,41,22,1,0,0,0,,,,,,,,,,,,0
17670,Isaiahh,Loudermilk,DE,,2021,1,DRAFTED,5,156,156,PIT,2020,78,274,1,1,1,1,1,1,0,5.08,29,112,21,7.52,4.55,2,9,4,13,11,0,0,0,0,1,63,38,25,1,1,0,0,0,6,58,5
15985,Dean,Lowry,DE,,2016,1,DRAFTED,4,137,137,GB,2015,78,296,1,1,1,1,1,1,0,4.87,33,114,30,7.26,4.38,3,31,21,52,-28,0,0,1,18,16.5,271,144,127,23,35,1,5,1,18,132,9
15321,Aaron,Lynch,DE,,2014,1,DRAFTED,5,150,150,SF,2013,77,249,1,0,0,1,0,0,4,4.76,,,18,,,5,17,12,29,-29,0,0,0,0,21,111,86,25,37,66,0,1,1,11,81,7
18079,Boye,Mafe,DE,,2022,1,DRAFTED,2,40,40,SEA,2021,76,261,1,1,1,0,0,0,3,4.53,38,125,,,,7,26,8,34,41,1,0,0,0,20,164,99,65,24,36,3,2,0,14,65,4
18086,DeAngelo,Malone,DE,,2022,1,DRAFTED,3,82,82,ATL,2021,75,243,0,0,0,1,0,0,5,,,,23,,,9,44,50,94,61,4,4,0,0,3,59,32,27,7,5,0,0,1,1,58,4
14988,Stansly,Maponga,DE,,2013,1,DRAFTED,5,153,153,ATL,2012,74,256,1,0,0,1,0,0,4,4.78,,,30,,,4,15,10,25,-28,2,0,0,0,1,8,4,4,1,2,0,2,0,0,24,2
15318,Cassius,Marsh,DE,,2014,1,DRAFTED,4,108,108,SEA,2013,76,252,1,1,1,1,1,1,0,4.89,32,108,14,7.08,4.25,6,35,20,55,-41,0,0,0,0,13,163,115,48,25,29,2,2,0,0,86,8
15316,Kareem,Martin,DE,,2014,1,DRAFTED,3,84,84,ARI,2013,78,272,1,1,1,1,1,1,0,4.72,36,129,22,7.2,4.33,11.5,46,36,82,-84,0,0,0,0,5,105,66,39,10,18,4,0,1,6,77,6
19031,Sean,Martin,DE,,2025,0,UDFA,,,,,2024,78,293,1,1,1,1,1,0,1,4.88,29,112,28,7.38,,3.5,8,15,23,27,0,1,0,0,,,,,,,,,,,,0
16636,Hercules,Mata'afa,DE,,2018,0,UDFA,,,,,2017,73,254,1,1,1,1,1,1,0,4.76,32,108,26,7.24,4.37,10.5,31,14,45,55,2,0,0,0,2.5,25,13,12,4,6,0,1,0,1,19,2
16294,Joe,Mathis,DE,,2017,0,UDFA,,,,,2016,74,266,0,0,0,1,0,0,5,,,,24,,,5,14,11,25,25,0,1,0,0,,,,,,,,,,,,0
18433,Ochaun,Mathis,DE,,2023,1,DRAFTED,6,189,189,LAR,2022,77,250,1,1,1,1,0,1,1,4.74,34,118,21,,4.38,3.5,24,24,48,23,0,2,0,0,0,4,2,2,0,1,1,0,0,0,13,2
14338,Cliff,Matthews,DE,,2011,1,DRAFTED,7,230,230,ATL,2010,75,257,1,1,1,1,1,1,0,4.81,32,112,17,7.21,4.37,5.5,27,12,39,-41,1,0,0,0,0,28,20,8,0,2,0,0,0,0,32,3
15305,Josh,Mauro,DE,,2014,0,UDFA,,,,,2013,78,271,1,1,1,1,1,1,0,5.21,32,116,21,7.43,4.51,4,34,17,51,-33,1,0,1,25,5,130,87,43,20,13,2,1,0,5,80,8
15989,Alex,McCalister,DE,,2016,1,DRAFTED,7,240,240,PHI,2015,78,239,1,1,1,0,1,1,1,4.8,35,128,,7.01,4,6.5,15,8,23,-49,0,0,0,0,,,,,,,,,,,,0
18722,Braiden,McGregor,DE,,2024,0,UDFA,,,,,2023,77,257,0,0,0,0,0,0,6,,,,,,,4.5,13,13,26,38,1,3,0,0,1,21,10,11,1,2,0,0,0,1,19,2
18427,Isaiah,McGuire,DE,,2023,1,DRAFTED,4,126,126,CLE,2022,76,268,1,1,1,0,1,0,2,4.76,37,122,,7.39,,7,24,15,39,61,2,0,0,0,5.5,72,40,32,18,17,4,0,0,0,37,3
17661,Romeo,McKnight,DE,,2021,0,UDFA,,,,,2020,76,252,1,1,1,0,1,1,1,4.98,38,118,,7.06,4.2,1.5,13,11,24,12,0,0,0,0,,,,,,,,,,,,0
14333,Pernell,McPhee,DE,,2011,1,DRAFTED,5,165,165,BAL,2010,75,278,1,1,1,1,1,1,0,4.91,29,107,20,7.13,4.59,2,14,18,32,-19,1,0,0,0,38,260,201,59,58,118,6,2,1,16,141,11
14655,Whitney,Mercilus,DE,,2012,1,DRAFTED,1,26,26,HOU,2011,76,261,1,1,1,1,1,1,0,4.68,32,118,27,7.17,4.53,16,28,29,57,-109,0,0,0,0,57,357,234,123,72,115,13,9,2,7,134,10
16973,Christian,Miller,DE,,2019,1,DRAFTED,4,115,115,CAR,2018,75,247,0,1,1,0,0,0,4,,39,118,,,,8.5,16,19,35,35,0,1,0,0,2,3,2,1,2,2,0,0,0,0,7,1
16975,Shareef,Miller,DE,,2019,1,DRAFTED,4,138,138,PHI,2018,76,254,1,1,0,1,0,1,2,4.69,30,,16,,4.45,7.5,25,16,41,63,0,0,0,0,,,,,,,,,,,,0
15306,Tevin,Mims,DE,,2014,0,UDFA,,,,,2013,76,260,1,1,1,1,0,0,2,4.95,28,109,17,,,1.5,20,20,40,-18,0,0,0,0,,,,,,,,,,,,0
14981,Sam,Montgomery,DE,,2013,1,DRAFTED,3,95,95,HOU,2012,75,262,1,1,1,0,1,1,1,4.81,35,114,,7.18,4.51,8,18,19,37,-43,1,0,0,0,,,,,,,,,,,,0
14979,Damontre,Moore,DE,,2013,1,DRAFTED,3,81,81,NYG,2012,76,250,1,1,1,1,0,0,2,4.95,36,122,12,,,12.5,58,28,86,-70,1,0,0,0,10,93,66,27,11,35,4,1,0,3,63,8
18430,Mike,Morris,DE,,2023,1,DRAFTED,5,151,151,SEA,2022,77,275,1,1,1,1,0,0,2,4.95,29,110,22,,,7,16,7,23,47,1,3,0,0,0,26,16,10,2,2,0,0,0,1,33,3
16313,Avery,Moss,DE,,2017,1,DRAFTED,5,167,167,NYG,2013,75,264,1,1,1,1,1,1,0,4.79,33,114,14,7.25,4.43,4.5,19,17,36,-24,0,0,1,25,0,40,22,18,0,5,2,0,0,2,22,2
16314,Al-Quadin,Muhammad,DE,,2017,1,DRAFTED,6,196,196,NO,2015,75,253,1,1,1,1,1,1,0,4.88,31,117,22,7.25,4.47,5,34,20,54,-26,1,0,0,0,26,193,126,67,36,58,4,1,0,2,110,8
18723,Gabriel,Murphy,DE,,2024,0,UDFA,,,,,2023,74,247,1,1,1,1,0,0,2,4.68,40,123,25,,,8.5,28,34,62,59,3,2,0,0,0,1,1,0,0,1,0,0,0,0,2,1
18413,Myles,Murphy,DE,,2023,1,DRAFTED,1,28,28,CIN,2022,77,268,0,0,0,1,0,0,5,,,,25,,,6.5,22,18,40,33,1,2,0,0,8.5,92,49,43,10,17,0,1,0,4,47,3
15313,Trent,Murphy,DE,,2014,1,DRAFTED,2,47,47,WAS,2013,77,250,1,1,1,1,1,1,0,4.86,36,118,19,6.78,4.2,15,37,25,62,-118,1,0,1,30,26,191,117,74,33,66,10,7,1,6,86,6
15979,Carl,Nassib,DE,,2016,1,DRAFTED,3,65,65,CLE,2015,79,277,1,1,1,1,1,1,0,4.84,29,114,21,7.27,4.37,15.5,31,15,46,-107,0,0,1,10,25.5,187,128,59,45,59,4,2,1,19,99,7
18405,Lukas Van,Ness,DE,,2023,0,UDFA,,,,,2022,77,272,1,1,1,1,1,1,0,4.58,31,118,17,7.02,4.32,6.5,18,18,36,40,0,0,0,0,8.5,84,58,26,17,23,1,1,0,1,43,3
15965,Giorgio,Newberry,DE,,2016,0,UDFA,,,,,2015,77,285,1,1,1,1,1,1,0,4.94,30,114,20,7.53,4.78,2,8,10,18,-6,0,0,0,0,,,,,,,,,,,,0
15980,Yannick,Ngakoue,DE,,2016,1,DRAFTED,3,69,69,JAX,2015,74,252,1,1,1,1,1,1,0,4.75,35,118,26,7.35,4.5,13.5,26,12,38,-76,0,0,0,0,67.5,218,166,52,70,143,19,3,2,12,119,9
15988,Dadi,Nicolas,DE,,2016,1,DRAFTED,6,203,203,KC,2015,75,235,1,1,1,1,1,1,0,4.74,41,116,14,7.04,4.38,2.5,20,23,43,-23,2,0,0,0,,,,,,,,,,,,0
16295,Noble,Nwachukwu,DE,,2017,0,UDFA,,,,,2016,73,268,1,1,1,1,0,0,2,4.83,31,110,27,,,4,28,12,40,24,1,2,0,0,,,,,,,,,,,,0
16644,Uchenna,Nwosu,DE,,2018,1,DRAFTED,2,48,48,LAC,2017,75,251,1,1,1,1,0,0,2,4.65,32,119,20,,,9.5,47,28,75,52,0,13,1,0,34.5,263,164,99,45,97,8,3,1,16,107,8
15966,Shawn,Oakman,DE,,2016,0,UDFA,,,,,2015,80,287,1,1,1,1,1,1,0,4.96,32,123,23,7.53,4.56,4.5,32,10,42,-38,1,0,0,0,,,,,,,,,,,,0
16315,Ifeadi,Odenigbo,DE,,2017,1,DRAFTED,7,220,220,MIN,2016,75,258,1,1,1,1,1,1,0,4.72,32,128,25,7.26,4.4,10,16,6,22,70,2,0,0,0,14,84,48,36,13,37,1,3,0,0,54,5
15975,Emmanuel,Ogbah,DE,,2016,1,DRAFTED,2,32,32,CLE,2015,76,273,1,1,1,1,1,1,0,4.63,36,121,20,7.26,4.5,13,41,23,64,-63,2,0,0,0,48,332,191,141,52,116,9,5,2,42,136,10
16304,Larry,Ogunjobi,DE,,2017,1,DRAFTED,3,65,65,CLE,2016,75,305,1,1,1,1,1,1,0,4.97,32,116,26,7.55,4.75,3,31,34,65,-15,0,0,0,0,27.5,380,209,171,60,79,3,2,0,3,134,9
18080,David,Ojabo,DE,,2022,1,DRAFTED,2,45,45,BAL,2021,76,250,1,1,1,0,0,1,2,4.55,35,122,,,4.45,11,24,11,35,81,5,3,0,0,4.5,32,18,14,2,10,2,0,0,0,32,4
18418,BJ,Ojulari,DE,,2023,1,DRAFTED,2,41,41,ARI,2022,74,248,0,1,1,0,0,0,4,,33,126,,,,5.5,36,22,58,33,1,0,0,0,5,49,29,20,6,9,0,0,0,1,25,2
14982,Alex,Okafor,DE,,2013,1,DRAFTED,4,103,103,ARI,2012,76,264,1,0,0,1,0,0,4,4.78,,,21,,,12.5,39,13,52,-103,1,0,0,0,31.5,215,147,68,34,74,6,3,1,12,106,9
18724,Eyabi,Okie-Anoma,DE,,2024,0,UDFA,,,,,2023,77,260,0,0,0,0,0,0,6,,,,,,,5.5,23,33,56,43,1,1,0,0,,,,,,,,,,,,0
15968,Romeo,Okwara,DE,,2016,0,UDFA,,,,,2015,77,265,1,1,1,1,1,1,0,4.9,33,120,23,7.38,4.53,8,31,16,47,-54,0,0,0,0,25,162,96,66,26,58,6,1,0,6,92,8
19055,Collin,Oliver,DE,,2025,1,DRAFTED,5,159,159,GB,2023,74,240,1,1,1,0,0,0,3,4.56,39,126,,,,6,45,28,73,48,4,5,0,0,0,1,1,0,1,2,0,0,0,0,1,1
15643,Nate,Orchard,DE,,2015,1,DRAFTED,2,51,51,CLE,2014,75,250,1,1,1,0,1,1,1,4.8,32,115,,7.28,4.43,18.5,54,30,84,-118,1,0,0,0,6,85,51,34,11,16,2,2,1,6,45,6
18092,Esezi,Otomewo,DE,,2022,1,DRAFTED,5,165,165,MIN,2021,77,282,0,0,0,0,0,0,6,,,,,,,3,24,6,30,23,0,0,0,0,1.5,18,8,10,2,3,0,1,0,0,21,3
15969,Drew,Ott,DE,,2016,0,UDFA,,,,,2015,76,273,1,0,0,0,0,0,5,4.88,,,,,,5,8,3,11,-50,0,0,0,0,,,,,,,,,,,,0
14340,Cheta,Ozougwu,DE,,2011,1,DRAFTED,7,254,254,HOU,2010,74,247,1,1,1,1,1,1,0,4.84,35,119,26,7.06,4.31,3,32,22,54,-20,2,0,0,0,1,8,7,1,1,0,1,0,0,0,9,2
15323,Jeoffrey,Pagan,DE,,2014,1,DRAFTED,6,177,177,HOU,2013,75,310,1,0,0,0,0,0,5,4.92,,,,,,2,17,16,33,-12,0,0,0,0,0,11,5,6,1,0,0,0,0,0,22,2
17667,Ronnie,Perkins,DE,,2021,1,DRAFTED,3,96,96,NE,2020,74,253,1,1,1,1,0,1,1,4.71,32,115,25,,4.69,5.5,16,7,23,32,0,0,0,0,0,13,9,4,2,1,0,0,0,0,7,1
14656,Nick,Perry,DE,,2012,1,DRAFTED,1,28,28,GB,2011,75,271,1,1,1,1,1,1,0,4.55,39,124,35,7.25,4.66,9.5,32,23,55,-62,2,0,0,0,32,214,139,75,37,46,7,2,1,11,81,7
15970,D.J.,Pettway,DE,,2016,0,UDFA,,,,,2015,74,265,1,1,1,1,1,1,0,4.99,28,108,17,7.74,4.69,2,11,7,18,-10,0,0,0,0,,,,,,,,,,,,0
18406,Lonnie,Phelps,DE,,2023,0,UDFA,,,,,2022,74,244,1,0,0,1,0,0,4,4.55,,,31,,,7,46,12,58,40,2,1,0,0,,,,,,,,,,,,0
16970,Jachai,Polite,DE,,2019,1,DRAFTED,3,68,68,NYJ,2018,75,258,1,1,0,0,0,0,4,4.84,32,,,,,11,27,18,45,55,6,4,0,0,1,4,3,1,1,1,0,0,0,0,11,1
18407,Jose,Ramirez,DE,,2023,0,UDFA,,,,,2022,74,242,1,1,1,1,1,1,0,4.73,35,118,21,6.95,4.3,12,38,27,65,76,2,2,0,0,,,,,,,,,,,,1
15640,Shane,Ray,DE,,2015,1,DRAFTED,1,23,23,DEN,2014,75,245,1,0,0,1,0,0,4,4.68,,,21,,,14.5,47,18,65,-94,1,0,0,0,14,94,64,30,15,33,2,2,0,2,49,4
16964,Wyatt,Ray,DE,,2019,0,UDFA,,,,,2018,75,257,1,1,1,1,1,1,0,4.83,34,118,25,7.34,4.31,9,23,21,44,58,0,2,0,0,2,18,8,10,1,3,1,0,0,0,20,3
15635,Cedric,Reed,DE,,2015,0,UDFA,,,,,2014,77,269,1,0,0,1,0,0,4,4.89,,,22,,,5.5,37,31,68,-37,0,0,0,0,,,,,,,,,,,,0
14335,D'Aundre,Reed,DE,,2011,1,DRAFTED,7,215,215,MIN,2010,76,261,1,1,1,1,1,1,0,4.84,36,119,30,7.24,4.32,2,32,8,40,-16,0,0,0,0,,,,,,,,,,,,0
10750,Quinton,Reese,DE,,2000,1,DRAFTED,6,181,181,DET,2024,76,283,1,1,1,1,1,1,0,5.13,30,101,18,7.91,4.68,2,25,15,40,18,1,0,0,0,,,,,,,,,,,,0
19054,Elijah,Roberts,DE,,2025,1,DRAFTED,5,157,157,TB,2024,76,285,1,1,1,0,0,0,3,4.78,32,116,,,,7.5,17,18,35,57,2,1,0,0,2,14,10,4,2,5,0,1,0,3,17,1
18725,Chop,Robinson,DE,,2024,0,UDFA,,,,,2023,75,254,1,1,1,0,0,1,2,4.48,35,128,,,4.25,4,12,3,15,26,2,1,0,0,10,47,26,21,12,21,1,0,0,5,32,2
18732,Darius,Robinson,DE,,2024,1,DRAFTED,1,27,27,ARI,2023,77,285,1,1,1,1,0,0,2,4.95,35,111,21,,,8.5,34,27,61,81,1,1,0,0,2,53,19,34,5,3,0,1,0,0,21,2
18093,Dominique,Robinson,DE,,2022,1,DRAFTED,5,174,174,CHI,2021,77,253,1,1,1,1,0,0,2,4.72,41,121,25,,,4.5,13,15,28,35,0,0,0,0,3.5,68,40,28,6,7,0,0,0,3,46,4
19052,Que,Robinson,DE,,2025,1,DRAFTED,4,134,134,DEN,2024,76,243,0,0,0,0,0,0,6,,,,,,,4,11,12,23,34,1,0,0,0,,,,,,,,,,,,0
18408,Tavius,Robinson,DE,,2023,0,UDFA,,,,,2022,78,257,1,1,1,1,0,1,1,4.66,34,120,23,,4.62,7,17,27,44,57,5,1,0,0,9,86,41,45,9,23,1,0,0,2,44,3
16316,Isaac,Rochell,DE,,2017,1,DRAFTED,7,225,225,LAC,2014,76,280,1,1,1,1,0,0,2,4.89,32,114,25,,,2.5,19,20,39,-21,0,0,0,0,9.5,113,70,43,13,17,0,0,1,3,77,7
16637,Javon,Rolland-Jones,DE,,2018,0,UDFA,,,,,2017,74,253,1,0,0,1,0,0,4,4.88,,,23,,,13,29,27,56,85,3,1,0,0,,,,,,,,,,,,0
19032,Kaimon,Rucker,DE,,2025,0,UDFA,,,,,2024,73,254,0,0,0,1,0,0,5,,,,27,,,6,16,14,30,35,0,1,1,0,,,,,,,,,,,,0
15651,Ryan,Russell,DE,,2015,1,DRAFTED,5,163,163,DAL,2014,76,269,1,1,1,1,1,1,0,4.75,33,119,25,7.25,4.47,3,27,15,42,-26,0,0,0,0,3,21,17,4,3,9,0,0,0,0,22,2
15326,Michael,Sam,DE,,2014,1,DRAFTED,7,249,249,LAR,2013,74,261,1,1,1,1,1,1,0,4.91,26,114,17,7.8,4.7,11.5,31,17,48,-68,0,0,0,0,,,,,,,,,,,,0
18089,Myjai,Sanders,DE,,2022,1,DRAFTED,3,100,100,ARI,2021,77,228,1,1,1,0,0,1,2,4.67,33,120,,,4.37,2.5,17,24,41,12,0,6,0,0,3,30,21,9,4,7,1,1,0,3,20,2
19049,Jack,Sawyer,DE,,2025,1,DRAFTED,4,123,123,PIT,2024,76,260,0,0,0,0,0,0,6,,,,,,,9,25,34,59,68,3,6,1,12,1,34,16,18,3,6,0,0,2,4,17,1
17663,Thomas,Schaffer,DE,,2021,0,UDFA,,,,,2020,78,302,0,0,0,1,0,0,5,,,,23,,,3,15,5,20,14,0,0,0,0,,,,,,,,,,,,0
19040,Nic,Scourton,DE,,2025,1,DRAFTED,2,51,51,CAR,2024,75,257,0,0,0,0,0,0,6,,,,,,,5,27,10,37,21,1,2,0,0,5,47,20,27,7,9,1,0,0,1,17,1
14328,Jabaal,Sheard,DE,,2011,1,DRAFTED,2,37,37,CLE,2010,75,264,1,1,1,0,0,0,3,4.68,31,115,,,,9,34,18,52,-65,0,0,0,0,53,407,274,133,73,96,14,2,0,27,144,11
14651,Derrick,Shelby,DE,,2012,0,UDFA,,,,,2011,75,266,1,1,1,1,1,1,0,4.87,36,116,26,7.09,4.5,5,26,26,52,-46,0,0,1,21,10,153,106,47,15,20,4,1,2,6,92,7
16296,Garrett,Sickels,DE,,2017,0,UDFA,,,,,2016,75,261,1,1,1,1,1,1,0,4.9,28,105,20,7.21,4.41,6,23,24,47,42,0,0,0,0,,,,,,,,,,,,0
14321,Aldon,Smith,DE,,2011,1,DRAFTED,1,7,7,SF,2010,76,263,1,1,1,1,1,1,0,4.74,34,118,20,7.19,4.5,5.5,34,14,48,-30,0,0,1,58,52.5,228,172,56,56,103,5,3,1,10,75,6
12033,Antonio,Smith,DE,,2004,1,DRAFTED,5,135,135,ARI,2023,75,274,1,1,1,1,0,1,1,5.03,33,108,24,,4.75,2,2,1,3,16,0,0,0,0,28.5,156,115,41,42,93,6,1,0,9,108,7
14652,Jacquies,Smith,DE,,2012,0,UDFA,,,,,2011,75,253,1,1,1,1,1,1,0,4.75,32,110,21,7.25,4.31,5,21,18,39,-27,1,0,0,0,13.5,41,29,12,9,25,4,4,0,3,32,4
15642,Preston,Smith,DE,,2015,1,DRAFTED,2,38,38,WAS,2014,77,271,1,1,1,1,1,1,0,4.74,34,121,24,7.07,4.28,9,20,26,46,-59,0,0,2,35,69,454,277,177,73,161,10,6,5,28,168,11
14987,Quanterus,Smith,DE,,2013,1,DRAFTED,5,146,146,DEN,2012,77,250,1,0,0,0,0,0,5,4.74,,,,,,12.5,27,10,37,-85,0,0,0,0,0,11,7,4,2,1,0,0,0,2,15,1
16978,Sutton,Smith,DE,,2019,1,DRAFTED,6,175,175,PIT,2018,73,233,1,1,1,1,1,1,0,4.69,32,118,25,6.75,4.32,15,43,18,61,102,4,1,0,0,0,1,1,0,0,0,0,0,0,0,8,1
18091,Tyreke,Smith,DE,,2022,1,DRAFTED,5,158,158,SEA,2021,75,254,1,1,1,0,0,0,3,4.86,34,117,,,,3,12,14,26,19,1,2,0,0,0,1,0,1,0,0,0,0,0,0,1,1
12020,Will,Smith,DE,,2004,1,DRAFTED,1,18,18,NO,2013,75,275,1,0,0,0,0,0,5,4.6,,,,,,4.5,86,34,120,-25,0,0,0,0,18,132,89,43,27,39,3,1,1,8,45,3
15650,Za'Darius,Smith,DE,,2015,1,DRAFTED,4,122,122,BAL,2014,76,274,1,1,1,1,1,1,0,4.83,29,113,23,7.42,4.66,4.5,26,34,60,-39,0,0,0,0,66.5,331,216,115,84,166,10,2,0,15,137,11
16305,Dawuane,Smoot,DE,,2017,1,DRAFTED,3,68,68,JAX,2016,75,264,1,1,1,0,1,1,1,4.77,30,117,,7.18,4.39,5,30,26,56,-32,1,0,0,0,27,172,116,56,35,73,7,2,0,6,127,9
18743,Javon,Solomon,DE,,2024,1,DRAFTED,5,168,168,BUF,2023,73,246,1,1,1,1,0,0,2,4.72,37,119,23,,,16,26,29,55,102,3,0,0,0,3,30,20,10,4,8,1,1,0,0,31,2
14668,Scott,Solomon,DE,,2012,1,DRAFTED,7,211,211,TEN,2011,75,262,1,1,1,1,1,1,0,4.88,35,124,34,7.17,4.25,8.5,36,18,54,-36,0,0,0,0,1,14,10,4,1,3,1,1,0,0,21,3
19050,Barryn,Sorrell,DE,,2025,1,DRAFTED,4,124,124,GB,2024,75,256,1,1,1,1,1,1,0,4.68,34,121,28,7.06,4.36,6,16,28,44,37,0,1,0,0,1.5,15,7,8,1,3,0,1,0,0,14,1
15977,Noah,Spence,DE,,2016,1,DRAFTED,2,39,39,TB,2013,74,251,1,1,1,1,1,1,0,4.8,35,121,25,7.21,4.35,8,24,27,51,-68,0,0,0,0,7.5,43,28,15,3,18,4,0,0,2,43,5
14972,Damion,Square,DE,,2013,0,UDFA,,,,,2012,74,293,1,0,0,0,0,0,5,5.23,,,,,,3.5,11,22,33,-14,0,0,0,0,7,129,73,56,11,20,0,2,0,9,99,8
19047,Josaiah,Stewart,DE,,2025,1,DRAFTED,3,90,90,LAR,2024,73,249,0,0,0,0,0,0,6,,,,,,,8.5,22,11,33,67,2,0,0,0,3,22,13,9,3,6,1,0,0,2,17,1
14973,Walter,Stewart,DE,,2013,0,UDFA,,,,,2012,76,246,1,0,0,0,0,0,5,4.69,,,,,,5,10,12,22,-40,0,0,0,0,,,,,,,,,,,,0
15322,Ed,Stinson,DE,,2014,1,DRAFTED,5,160,160,ARI,2013,75,287,1,0,0,0,0,0,5,4.98,,,,,,1.5,19,22,41,-6,0,0,0,0,1,27,22,5,4,7,0,0,0,1,33,4
16654,Kentavius,Street,DE,,2018,1,DRAFTED,4,128,128,SF,2017,74,280,1,0,0,1,0,0,4,4.87,,,28,,,3.5,16,22,38,15,1,2,0,0,9.5,111,59,52,20,16,1,0,0,1,80,7
16655,Josh,Sweat,DE,,2018,1,DRAFTED,4,130,130,PHI,2017,76,251,1,1,1,0,0,1,2,4.53,40,124,,,4.28,5.5,31,25,56,22,0,3,0,0,55,267,168,99,67,114,11,1,1,13,121,8
16968,Montez,Sweat,DE,,2019,1,DRAFTED,1,26,26,WAS,2018,78,260,1,1,1,1,1,1,0,4.41,36,125,21,7,4.29,8.5,24,26,50,69,1,0,0,0,51,282,174,108,69,115,14,1,1,18,100,7
19053,Bradyn,Swinson,DE,,2025,1,DRAFTED,5,146,146,NE,2024,76,255,0,0,0,0,1,1,4,,,,,7.13,4.33,8.5,31,28,59,60,2,3,0,0,0,1,1,0,0,0,0,0,0,0,3,1
18070,Myron,Tagovailoa-Amosa,DE,,2022,0,UDFA,,,,,2021,74,270,1,1,1,0,0,0,3,4.81,29,115,,,,2,18,7,25,8,1,1,0,0,,,,,,,,,,,,0
15984,Charles,Tapper,DE,,2016,1,DRAFTED,4,101,101,DAL,2015,75,271,1,1,1,1,0,0,2,4.59,34,119,23,,,7,31,19,50,-38,3,0,0,0,1,3,2,1,1,1,0,0,0,0,2,1
14985,Devin,Taylor,DE,,2013,1,DRAFTED,4,132,132,DET,2012,79,266,1,1,1,1,1,1,0,4.72,35,128,14,6.89,4.3,3,27,18,45,-22,0,0,0,0,15,93,69,24,17,32,4,0,0,3,63,5
18409,Noah,Taylor,DE,,2023,0,UDFA,,,,,2022,76,238,0,0,0,1,0,0,5,,,,22,,,2,10,13,23,14,0,2,0,0,,,,,,,,,,,,0
18074,Kayvon,Thibodeaux,DE,,2022,1,DRAFTED,1,5,5,NYG,2021,76,254,1,0,0,1,0,0,4,4.58,,,27,,,7,35,14,49,53,2,1,0,0,23.5,152,86,66,31,55,6,3,0,13,53,4
18087,Cameron,Thomas,DE,,2022,1,DRAFTED,3,87,87,ARI,2021,76,267,0,0,0,1,0,0,5,,,,24,,,11.5,30,41,71,63,1,0,0,0,6.5,79,33,46,11,15,0,1,0,2,54,4
16648,Chad,Thomas,DE,,2018,1,DRAFTED,3,67,67,CLE,2017,78,281,1,1,1,0,0,0,3,4.92,29,116,,,,5.5,19,22,41,21,0,1,0,0,4,26,17,9,6,4,0,1,0,1,16,1
18096,Isaiah,Thomas,DE,,2022,1,DRAFTED,7,223,223,CLE,2021,77,266,1,1,1,0,0,0,3,4.7,32,117,,,,8,18,20,38,51,3,4,0,0,1,12,4,8,1,2,0,2,0,2,12,2
16298,Solomon,Thomas,DE,,2017,1,DRAFTED,1,3,3,SF,2016,75,273,1,1,1,1,1,1,0,4.69,35,126,30,6.95,4.28,8,40,21,61,46,1,0,0,0,18.5,239,143,96,36,53,3,2,0,6,131,9
18739,Xavier,Thomas,DE,,2024,1,DRAFTED,5,138,138,ARI,2023,74,244,1,1,1,1,0,0,2,4.62,33,120,26,,,3,16,9,25,11,0,2,0,0,2.5,10,6,4,2,4,1,0,0,1,14,1
17676,Shaka,Toney,DE,,2021,1,DRAFTED,7,246,246,,2020,74,242,1,1,1,1,1,1,0,4.51,39,128,24,6.95,4.28,5,21,10,31,34,1,1,0,0,1.5,16,6,10,2,3,0,0,0,0,26,2
18735,Bralen,Trice,DE,,2024,1,DRAFTED,3,74,74,ATL,2023,76,245,1,0,0,0,0,0,5,4.72,,,,,,7,30,19,49,34,1,2,0,0,,,,,,,,,,,,0
19039,JT,Tuimoloau,DE,,2025,1,DRAFTED,2,45,45,IND,2024,76,265,0,0,0,0,0,0,6,,,,,,,12.5,35,26,61,80,2,3,0,0,0,17,6,11,1,6,0,0,0,0,13,1
18420,Tuli,Tuipulotu,DE,,2023,1,DRAFTED,2,54,54,LAC,2022,75,266,0,0,0,0,0,0,6,,,,,,,13.5,31,15,46,100,2,3,0,0,26,144,98,46,39,52,5,2,0,6,50,3
18726,Zion,Tupuola-Fetui,DE,,2024,0,UDFA,,,,,2023,75,244,0,0,0,0,0,0,6,,,,,,,3.5,15,14,29,32,1,0,0,0,,,,,,,,,,,,0
16645,Kemoko,Turay,DE,,2018,1,DRAFTED,2,52,52,IND,2017,77,253,1,0,0,0,0,0,5,4.65,,,,,,4,32,28,60,27,1,1,0,0,12,34,23,11,7,29,2,1,0,0,41,5
18730,Dallas,Turner,DE,,2024,1,DRAFTED,1,17,17,MIN,2023,75,247,1,1,1,0,0,0,3,4.46,41,127,,,,10,28,25,53,68,2,1,0,0,11,86,41,45,14,20,4,0,1,4,33,2
18727,David,Ugwoegbu,DE,,2024,0,UDFA,,,,,2023,76,250,0,1,0,1,0,0,4,,32,,21,,,3,28,13,41,10,1,3,0,0,,,,,,,,,,,,0
19045,Princely,Umanmielen,DE,,2025,1,DRAFTED,3,77,77,CAR,2024,76,244,1,1,1,0,1,1,1,4.72,38,126,,7.33,4.46,10.5,19,18,37,70,1,0,0,0,1.5,24,13,11,2,4,1,1,0,0,16,1
14657,Courtney,Upshaw,DE,,2012,1,DRAFTED,2,35,35,BAL,2011,74,272,1,0,0,1,0,0,4,4.74,,,22,,,9.5,36,16,52,-61,0,0,1,45,7,216,131,85,20,24,5,6,0,7,90,6
15319,Brent,Urban,DE,,2014,1,DRAFTED,4,134,134,BAL,2012,79,295,1,0,0,0,0,0,5,4.98,,,,,,2,7,13,20,-10,1,0,0,0,10.5,189,102,87,20,20,0,1,0,16,133,11
14660,Olivier,Vernon,DE,,2012,1,DRAFTED,3,72,72,MIA,2011,74,261,1,1,1,1,1,1,0,4.73,35,122,31,7.39,4.5,1.5,15,3,18,-5,0,0,0,0,63.5,389,279,110,87,157,9,3,1,5,127,9
18731,Jared,Verse,DE,,2024,1,DRAFTED,1,19,19,LAR,2023,76,254,1,1,1,1,1,1,0,4.58,35,127,31,7.31,4.44,9,14,24,38,68,1,0,0,0,12,124,71,53,22,45,5,2,0,3,34,2
16977,D'Andre,Walker,DE,,2019,1,DRAFTED,5,168,168,TEN,2018,74,251,0,0,0,0,0,0,6,,,,,,,7.5,23,22,45,43,4,3,0,0,,,,,,,,,,,,0
16302,DeMarcus,Walker,DE,,2017,1,DRAFTED,2,51,51,DEN,2016,76,280,0,0,0,1,0,0,5,,,,18,,,16,45,22,67,118,3,2,0,0,26.5,193,117,76,40,71,2,1,0,2,101,9
18072,Travon,Walker,DE,,2022,1,DRAFTED,1,1,1,JAX,2021,77,272,1,1,1,0,1,1,1,4.51,36,123,,6.89,4.32,6,19,18,37,46,0,2,0,0,27.5,200,101,99,36,57,3,2,1,7,63,4
14991,Cornelius,Washington,DE,,2013,1,DRAFTED,6,188,188,CHI,2011,76,265,1,1,1,1,0,0,2,4.55,39,128,36,,,5,11,6,17,-44,0,0,0,0,5.5,54,36,18,8,17,0,0,0,4,45,4
14322,J.J.,Watt,DE,,2011,1,DRAFTED,1,11,11,HOU,2010,77,290,1,1,1,1,1,1,0,4.81,37,120,34,6.88,4.21,7,43,19,62,-56,2,0,1,15,114.5,586,449,137,195,317,27,17,2,70,151,12
18728,Eric,Watts,DE,,2024,0,UDFA,,,,,2023,78,274,1,1,1,1,1,1,0,4.67,37,117,21,7.59,4.73,2,17,17,34,10,2,1,0,0,0,23,13,10,0,0,0,0,0,0,18,2
14975,Bjoern,Werner,DE,,2013,1,DRAFTED,1,24,24,IND,2012,75,266,1,1,1,1,1,1,0,4.83,31,111,25,7.3,4.4,13,30,12,42,-116,0,0,0,0,6.5,81,58,23,17,10,1,2,0,5,38,3
18410,Tyrus,Wheat,DE,,2023,0,UDFA,,,,,2022,74,263,1,1,1,0,0,1,2,4.65,29,113,,,4.54,6,25,29,54,36,0,2,1,0,2,32,15,17,2,3,1,0,0,1,35,3
18419,Keion,White,DE,,2023,1,DRAFTED,2,46,46,NE,2022,77,285,0,1,1,1,0,0,3,,34,117,30,,,7.5,29,25,54,49,0,1,0,0,6,88,45,43,10,21,2,0,0,8,38,3
14336,Markus,White,DE,,2011,1,DRAFTED,7,224,224,WAS,2010,75,266,1,1,1,1,1,1,0,4.86,33,117,14,7.25,4.51,8,37,21,58,-38,0,0,0,0,,,,,,,,,,,,0
16639,Jojo,Wicker,DE,,2018,0,UDFA,,,,,2017,75,296,1,1,1,1,0,0,2,5.16,30,105,25,,,6,30,12,42,34,1,1,0,0,,,,,,,,,,,,0
11700,Andrew,Williams,DE,,2003,1,DRAFTED,3,89,89,SF,2016,74,263,1,1,1,1,1,1,0,4.7,32,113,29,7.53,4.47,3,7,5,12,14,0,0,0,0,,,,,,,,,,,,0
11689,Kevin,Williams,DE,,2003,1,DRAFTED,1,9,9,MIN,2014,77,304,1,1,1,1,1,1,0,4.81,30,112,23,7.66,5.04,3,5,14,19,-29,0,0,0,0,14.5,199,124,75,35,37,4,3,1,28,93,6
19035,Mykel,Williams,DE,,2025,1,DRAFTED,1,11,11,SF,2024,77,260,0,0,0,0,0,0,6,,,,,,,5,15,6,21,43,2,1,0,0,1,20,11,9,4,3,0,1,0,0,9,1
18082,Sam,Williams,DE,,2022,1,DRAFTED,2,56,56,DAL,2021,76,261,1,1,1,0,0,0,3,4.46,33,123,,,,12.5,31,26,57,63,4,1,0,0,9.5,96,61,35,22,20,3,4,0,3,65,4
14990,Tourek,Williams,DE,,2013,1,DRAFTED,6,179,179,LAC,2012,75,260,1,1,1,1,0,0,2,4.92,33,112,25,,,6.5,29,17,46,-57,1,0,0,0,2,53,40,13,1,1,1,0,0,2,44,3
18071,Tre,Williams,DE,,2022,0,UDFA,,,,,2021,76,253,1,1,1,0,1,1,1,5.08,27,104,,7.2,4.24,6,11,17,28,26,0,0,0,0,,,,,,,,,,,,0
16306,Jordan,Willis,DE,,2017,1,DRAFTED,3,73,73,CIN,2016,76,255,1,1,1,1,1,1,0,4.53,39,125,24,6.85,4.28,11.5,34,18,52,84,1,3,0,0,8,79,48,31,13,18,3,3,0,1,62,6
18412,Tyree,Wilson,DE,,2023,1,DRAFTED,1,7,7,LV,2022,78,271,0,0,0,1,0,0,5,,,,23,,,7,36,25,61,47,1,0,0,0,12,91,57,34,16,24,4,2,0,1,50,3
16640,Anthony,Winbush,DE,,2018,0,UDFA,,,,,2017,73,249,0,0,1,1,0,0,4,,,110,25,,,11.5,28,23,51,69,5,0,0,0,,,,,,,,,,,,0
14667,Billy,Winn,DE,,2012,1,DRAFTED,6,205,205,CLE,2011,76,294,1,1,1,1,1,1,0,4.86,27,107,24,7.37,4.44,3,18,15,33,-16,0,0,0,0,3,117,70,47,17,12,2,5,2,7,74,6
16971,Chase,Winovich,DE,,2019,1,DRAFTED,3,77,77,NE,2018,75,256,1,1,1,1,1,1,0,4.59,31,116,18,6.94,4.11,5,31,32,63,40,0,1,0,0,12,107,71,36,11,26,1,0,1,3,56,5
14320,Ryan,Winterswyk,DE,,2011,0,UDFA,,,,,2010,76,268,1,1,1,1,1,1,0,4.96,30,111,18,7.01,4.37,1.5,21,22,43,-8,0,0,1,0,,,,,,,,,,,,0
18426,Colby,Wooden,DE,,2023,1,DRAFTED,4,116,116,GB,2022,76,273,1,0,1,1,0,1,2,4.79,,115,23,,4.52,6,36,9,45,48,3,3,0,0,0.5,87,45,42,9,7,0,0,0,3,47,3
18085,Alex,Wright,DE,,2022,1,DRAFTED,3,78,78,CLE,2021,77,271,0,0,0,1,0,0,5,,,,15,,,6,23,22,45,46,1,3,0,0,11.5,98,55,43,21,15,3,2,0,8,51,4
16972,Oshane,Ximines,DE,,2019,1,DRAFTED,3,95,95,NYG,2018,75,253,1,1,1,1,1,1,0,4.78,34,118,24,7.13,4.57,12,32,26,58,79,4,2,1,14,6.5,72,35,37,9,24,1,1,0,6,50,6
16662,Trevon,Young,DE,,2018,1,DRAFTED,6,205,205,LAR,2017,76,258,1,1,1,1,1,1,0,4.78,33,114,25,6.99,4.4,4.5,37,25,62,20,0,5,0,0,0,0,0,0,0,0,0,1,0,0,2,1