FIRST_NAME,LAST_NAME,POSITION,COLLEGE_NAME,DRAFT_YEAR,FINAL_COLLEGE_SEASON,HEIGHT_IN,WEIGHT_LB,X40Y_SEC,VJ_IN,SLJ_IN,BENCH_REPS,X3CD_SEC,PROA_SEC,P40,PSHD,P3CD,MANN_SLJP,COLLEGE_SACKS,COLLEGE_FORCED_FUMBLES,COLLEGE_TACKLES_SOLO,COLLEGE_TACKLES_ASSISTED,COLLEGE_TACKLES_COMBINED,COLLEGE_SACK_YDS,COLLEGE_PASSES_DEFENDED,COLLEGE_INTERCEPTIONS,X40_COMPLETED,VJ_COMPLETED,SLJ_COMPLETED,BENCH_COMPLETED,X3CD_COMPLETED,PROA_COMPLETED,COMBINE_TESTS_MISSING,COLLEGE_INT_RETURN_YDS,IS_DRAFTED,DRAFT_STATUS,DRAFT_ROUND,DRAFT_PICK,DRAFT_OVERALL_PICK,DRAFT_TEAM
Mehdi,Abdesmad,DE,,2016,2015,78,284,5.1,30,108,25,7.55,4.62,925.6578,510.7753,469.0018,6428.275,5.5,0,35,14,49,-35,0,0,1,1,1,1,1,1,0,0,0,UDFA,,,,
Adetomiwa,Adebawore,DE,,2023,2022,74,282,4.49,38,125,27,,,1044.0109,,,7795.1114,5,2,27,11,38,33,1,0,1,1,1,1,0,0,2,0,1,DRAFTED,4,110,110,IND
Ola,Adeniyi,DE,,2018,2017,74,248,4.83,32,,26,7.21,4.28,853.5065,481.4613,428.864,,8.5,2,33,32,65,58,1,0,1,1,0,1,1,1,1,0,0,UDFA,,,,
Frank,Alexander,DE,,2012,2011,76,270,4.8,,,,,,935.0284,,,,8.5,1,35,19,54,-49,0,1,1,0,0,0,0,0,5,27,1,DRAFTED,4,103,103,CAR
Christopher,Allen,DE,,2022,2020,76,241,,,,,,,,,,,5,2,20,13,33,30,0,0,0,0,0,0,0,0,6,0,0,UDFA,,,,
Pierre,Allen,DE,,2011,2010,75,273,4.78,,,,,,949.3733,,,,3,0,25,39,64,-21,0,0,1,0,0,0,0,0,5,0,0,UDFA,,,,
Henry,Anderson,DE,,2015,2014,78,294,4.97,30,111,,7.2,4.19,983.3163,583.0245,509.1174,6856.2579,8.5,0,40,26,66,-55,0,0,1,1,1,0,1,1,1,0,1,DRAFTED,3,93,93,IND
MJ,Anderson,DE,,2023,2022,75,269,,33,,,,,,,,,3.5,0,20,17,37,33,1,0,0,1,0,0,0,0,5,0,0,UDFA,,,,
Felix,Anudike-Uzomah,DE,,2023,2022,75,255,,,,,,,,,,,8.5,2,31,15,46,50,1,0,0,0,0,0,0,0,6,0,1,DRAFTED,1,31,31,KC
Arik,Armstead,DE,,2015,2014,79,292,5.06,34,117,24,7.57,4.53,959.2562,535.597,480.9391,7315.3237,2.5,1,26,21,47,-10,0,0,1,1,1,1,1,1,0,0,1,DRAFTED,1,17,17,SF
Dorance,Armstrong,DE,,2018,2017,76,257,4.87,30,118,20,7.12,4.23,877.2158,504.8313,450.0453,6766.4164,2,3,33,30,63,10,4,0,1,1,1,1,1,1,0,0,1,DRAFTED,4,116,116,DAL
Ade,Aruna,DE,,2018,2017,78,262,4.6,39,128,18,7.53,4.48,946.7727,485.9334,433.8199,7681.867,3,0,15,10,25,24,2,0,1,1,1,1,1,1,0,0,1,DRAFTED,6,218,218,MIN
Allen,Bailey,DE,,2011,2010,75,285,4.71,37,117,27,7.43,4.56,1005.8338,519.3182,478.2546,7189.0373,7,0,22,24,46,-33,0,0,1,1,1,1,1,1,0,0,1,DRAFTED,3,86,86,KC
Brandon,Bair,DE,,2011,2010,78,276,4.92,28,114,26,7.07,4.37,932.4945,524.7847,486.7352,6779.0953,3,0,25,20,45,-17,0,0,1,1,1,1,1,1,0,0,0,UDFA,,,,
Habakkuk,Baldonado,DE,,2023,2022,76,251,4.78,35,120,21,7.11,4.44,872.8671,469.7256,440.1566,6823.2202,2,0,9,15,24,9,3,0,1,1,1,1,1,1,0,0,0,UDFA,,,,
Christian,Ballard,DE,,2011,2010,76,283,4.75,32,111,,7.54,4.51,990.3646,521.3908,467.9702,6657.8079,3,1,23,20,43,-19,0,0,1,1,1,0,1,1,1,0,1,DRAFTED,4,106,106,MIN
Ben,Banogu,DE,,2019,2018,75,250,4.62,40,134,23,7.02,4.27,899.4982,486.4807,444.0236,7960.5237,8.5,2,43,14,57,39,0,0,1,1,1,1,1,1,0,0,1,DRAFTED,2,49,49,IND
Derrick,Barnes,DE,,2021,2019,73,238,4.57,37,119,29,,4.27,865.6913,463.1297,,6506.1638,7.5,1,47,16,63,30,2,0,1,1,1,1,0,1,1,0,1,DRAFTED,4,113,113,DET
Tavaris,Barnes,DE,,2015,2014,76,282,4.8,,,22,,,976.5852,,,,3,0,10,3,13,-16,0,0,1,0,0,1,0,0,4,0,0,UDFA,,,,
Derek,Barnett,DE,,2017,2016,75,259,4.88,31,117,,6.96,4.44,882.2308,484.697,463.974,6719.9737,13,2,40,16,56,93,5,1,1,1,1,0,1,1,1,7,1,DRAFTED,1,14,14,PHI
Tyler,Baron,DE,,2025,2024,77,258,4.62,36,121,19,,,928.2822,,,7032.0311,5.5,1,18,20,38,37,0,0,1,1,1,1,0,0,2,0,1,DRAFTED,5,176,176,NYJ
Tarell,Basham,DE,,2017,2016,76,269,4.7,32,119,15,7.27,4.35,951.3859,513.8265,461.3399,7065.4319,11.5,2,29,18,47,71,2,0,1,1,1,1,1,1,0,0,1,DRAFTED,3,80,80,IND
Tyler,Batty,DE,,2025,2024,78,271,4.78,34,120,27,7.21,4.54,942.4182,495.9832,468.6376,7184.0384,1.5,0,33,26,59,7,2,2,1,1,1,1,1,1,0,14,0,UDFA,,,,
Jeremy,Beal,DE,,2011,2010,74,262,5.14,29,106,22,7.19,4.46,847.3063,488.1125,454.3343,5866.3258,8.5,1,41,31,72,-59,0,0,1,1,1,1,1,1,0,0,1,DRAFTED,7,247,247,DEN
Jimmy,Bean,DE,,2016,2015,77,264,4.87,,,20,,,901.1088,,,,5.5,0,19,6,25,-26,0,0,1,0,0,1,0,0,4,0,0,UDFA,,,,
Davin,Bellamy,DE,,2018,2017,77,255,,,,15,,,,,,,5,2,16,18,34,29,3,0,0,0,0,1,0,0,5,0,0,UDFA,,,,
Jake,Bequette,DE,,2012,2011,77,274,4.75,34,113,,6.9,4.07,958.8689,559.3835,495.1133,6660.4889,10,0,12,16,28,-88,0,0,1,1,1,0,1,1,1,0,1,DRAFTED,3,90,90,NE
Ronald,Blair,DE,,2016,2015,74,284,5.15,30,113,32,7.95,4.53,916.6708,520.9231,445.4042,6840.898,7.5,1,42,29,71,-63,0,1,1,1,1,1,1,1,0,30,1,DRAFTED,5,142,142,SF
Jamie,Blatnick,DE,,2012,2011,75,263,4.81,33,112,28,7.22,4.2,908.8934,520.3074,454.1734,6379.5143,8,0,31,19,50,-52,0,1,1,1,1,1,1,1,0,6,0,UDFA,,,,
Nik,Bonitto,DE,,2022,2021,75,248,4.54,36,120,,7.07,4.23,908.0256,487.1524,437.3563,6769.0975,7,1,23,16,39,39,1,0,1,1,1,0,1,1,1,0,1,DRAFTED,2,64,64,DEN
Austin,Booker,DE,,2024,2023,77,240,4.79,33,120,,,,832.8715,,,6624.7702,8,2,39,44,83,50,2,0,1,1,1,0,0,0,3,0,1,DRAFTED,5,144,144,CHI
Joey,Bosa,DE,,2016,2015,77,269,4.86,32,120,24,6.89,4.21,920.0645,530.9134,486.7839,7147.9565,5,1,35,16,51,-23,0,1,1,1,1,1,1,1,0,28,1,DRAFTED,1,3,3,LAC
Da'Quan,Bowers,DE,,2011,2010,75,280,4.92,,,22,,,946.0089,,,,15.5,1,41,26,67,-112,0,1,1,0,0,1,0,0,4,0,1,DRAFTED,2,51,51,TB
Jordan,Brailford,DE,,2019,2018,75,252,4.65,38,126,22,,,900.8446,,,7336.4087,9,2,37,17,54,57,1,0,1,1,1,1,0,0,2,0,1,DRAFTED,7,253,253,WAS
Andre,Branch,DE,,2012,2011,76,259,4.67,33,120,19,7.19,4.25,921.9029,506.3658,449.132,6967.5475,10.5,0,38,39,77,-75,0,0,1,1,1,1,1,1,0,0,1,DRAFTED,2,38,38,JAX
Chris,Braswell,DE,,2024,2023,75,251,4.6,34,115,,,,907.0227,,,6410.5972,8,2,31,31,62,47,0,0,1,1,1,0,0,0,3,0,1,DRAFTED,2,57,57,TB
Andrew,Brown,DE,,2018,2017,76,296,5.03,28,101,31,7.51,4.48,978.1963,548.9935,491.4223,6067.0937,3.5,1,18,28,46,26,0,0,1,1,1,1,1,1,0,0,1,DRAFTED,5,158,158,CIN
Fadol,Brown,DE,,2017,2016,76,273,4.94,34,115,19,7.24,4.44,918.6244,510.8968,470.14,6807.4972,2.5,0,13,26,39,-15,0,0,1,1,1,1,1,1,0,0,0,UDFA,,,,
Austin,Bryant,DE,,2019,2018,76,271,,,,,,,,,,,8,0,18,26,44,45,0,0,0,0,0,0,0,0,6,0,1,DRAFTED,4,117,117,DET
Michael,Buchanan,DE,,2013,2012,77,255,4.78,33,113,22,6.91,4.44,886.7773,477.2113,460.1138,6317.7116,4.5,0,23,34,57,-44,0,1,1,1,1,1,1,1,0,0,1,DRAFTED,7,226,226,NE
Deforest,Buckner,DE,,2016,2015,79,291,5.05,32,116,,7.51,4.47,957.8641,540.9274,483.1213,7214.7581,10.5,0,45,38,83,-75,0,0,1,1,1,0,1,1,1,0,1,DRAFTED,1,7,7,SF
Jonathan,Bullard,DE,,2016,2015,75,285,4.93,32,116,23,7.31,4.56,960.9487,519.3182,486.1056,7106.5127,6.5,0,40,23,63,-48,0,0,1,1,1,1,1,1,0,0,1,DRAFTED,3,72,72,CHI
Jordan,Burch,DE,,2025,2024,76,279,4.67,,,,,,993.0923,,,,8.5,1,13,18,31,33,5,0,1,0,0,0,0,0,5,0,1,DRAFTED,3,78,78,ARI
Brian,Burns,DE,,2019,2018,77,249,4.53,36,129,,7.01,,913.6996,,442.8784,7529.8598,10,3,31,22,53,94,3,0,1,1,1,0,1,0,2,0,1,DRAFTED,1,16,16,CAR
Solomon,Byrd,DE,,2024,2023,75,255,,,,,,,,,,,6,4,29,19,48,44,1,0,0,0,0,0,0,0,6,0,0,UDFA,,,,
Shilique,Calhoun,DE,,2016,2015,76,251,4.82,35,115,23,6.97,4.25,865.6233,490.7251,448.9977,6410.5972,10.5,0,22,27,49,-74,0,0,1,1,1,1,1,1,0,0,1,DRAFTED,3,75,75,LV
Malik,Carney,DE,,2019,2018,74,251,4.73,33,113,25,7.4,,882.094,,422.9072,6245.548,6.5,5,37,23,60,30,2,0,1,1,1,1,1,0,1,0,0,UDFA,,,,
Tank,Carradine,DE,,2013,2012,76,276,4.9,,,28,,,936.3006,,,,11,0,47,33,80,-75,0,0,1,0,0,1,0,0,4,0,1,DRAFTED,2,40,40,SF
Josh,Carraway,DE,,2017,2016,75,242,4.74,30,120,25,7.2,4.44,848.6709,452.8829,419.0694,6660.852,8,0,25,24,49,53,0,0,1,1,1,1,1,1,0,0,1,DRAFTED,7,227,227,TEN
Abdul,Carter,DE,,2025,2024,75,250,,,,,,,,,,,12,2,43,25,68,89,4,0,0,0,0,0,0,0,6,0,1,DRAFTED,1,3,3,NYG
Andre,Carter,DE,,2001,2023,76,249,4.84,39,132,20,,4.24,855.1775,487.9631,,7777.4336,2,0,27,22,49,16,3,0,1,1,1,1,0,1,1,0,1,DRAFTED,1,7,7,SF
Lorenzo,Carter,DE,,2018,2017,78,250,4.5,36,130,,,,923.4848,,,7630.4253,4.5,3,31,31,62,40,0,0,1,1,1,0,0,0,3,0,1,DRAFTED,3,66,66,NYG
Zachary,Carter,DE,,2022,2021,76,282,4.99,28,110,19,,,939.4006,,,6557.2424,8,1,15,16,31,44,2,0,1,1,1,1,0,0,2,0,1,DRAFTED,3,95,95,CIN
Taco,Charlton,DE,,2017,2016,78,277,4.92,33,116,25,7.17,4.39,935.8731,524.2866,481.6857,6962.1854,9.5,0,20,19,39,52,2,0,1,1,1,1,1,1,0,0,1,DRAFTED,1,28,28,DAL
Anthony,Chickillo,DE,,2015,2014,75,267,4.79,35,114,27,7.17,4.25,926.5696,522.0064,464.2963,6616.7271,3,0,20,21,41,-31,0,0,1,1,1,1,1,1,0,0,1,DRAFTED,6,212,212,PIT
Ugo,Chinasa,DE,,2011,2010,77,264,4.63,28,117,22,7.07,4.39,947.8186,499.6811,465.5728,6810.1782,4,1,27,12,39,-30,0,1,1,1,1,1,1,1,0,22,0,UDFA,,,,
Bradley,Chubb,DE,,2018,2017,76,269,4.65,36,121,24,7.37,4.41,961.6158,506.8357,455.0802,7230.4811,10,1,39,33,72,66,2,0,1,1,1,1,1,1,0,0,1,DRAFTED,1,5,5,DEN
Frank,Clark,DE,,2015,2014,75,271,4.79,39,118,19,7.08,4.05,940.4507,555.991,477.2426,7018.9892,4.5,0,29,13,42,-52,0,0,1,1,1,1,1,1,0,0,1,DRAFTED,2,63,63,SEA
Will,Clarke,DE,,2014,2013,78,271,4.77,32,112,22,7.26,4.57,944.3939,492.7273,465.4101,6523.8416,6,0,36,14,50,-42,0,0,1,1,1,1,1,1,0,0,1,DRAFTED,3,88,88,CIN
Adrian,Clayborn,DE,,2011,2010,75,281,4.78,33,113,,7.3,4.13,977.1938,565.3401,479.9396,6786.7753,3.5,0,19,33,52,-36,0,0,1,1,1,0,1,1,1,0,1,DRAFTED,1,20,20,TB
Micheal,Clemons,DE,,2022,2021,77,263,,,116,24,,,,,,6709.6127,7,1,23,9,32,43,2,0,0,0,1,1,0,0,4,0,1,DRAFTED,4,117,117,NYJ
Jadeveon,Clowney,DE,,2014,2013,77,266,4.53,38,124,21,7.27,4.43,976.0807,498.9206,456.1948,7423.9322,3,1,29,12,41,-26,0,0,1,1,1,1,1,1,0,0,1,DRAFTED,1,1,1,HOU
Myles,Cole,DE,,2024,2023,78,278,4.67,35,120,,,,989.5328,,,7310.3247,3.5,0,21,11,32,25,1,0,1,1,1,0,0,0,3,0,1,DRAFTED,7,236,236,JAX
Jonathon,Cooper,DE,,2021,2020,74,253,4.69,33,108,28,6.99,4.31,896.7058,487.7494,451.2804,5869.0068,3.5,1,12,12,24,29,1,0,1,1,1,1,1,1,0,0,1,DRAFTED,7,239,239,DEN
Quinton,Coples,DE,,2012,2011,78,284,4.69,32,109,25,7.57,4.78,1006.5788,493.6782,467.7627,6510.7996,7.5,1,29,26,55,-52,0,0,1,1,1,1,1,1,0,0,1,DRAFTED,1,16,16,NYJ
Kamalei,Correa,DE,,2016,2015,75,243,4.69,33,108,21,,,861.2628,,,5688.5977,7,0,22,16,38,-47,0,0,1,1,1,1,0,0,2,0,1,DRAFTED,2,42,42,BAL
Corey,Crawford,DE,,2015,2014,77,299,5.01,33,110,,7.64,4.65,992.055,534.2835,487.9563,6863.9378,2,0,18,7,25,-31,0,0,1,1,1,0,1,1,1,0,0,UDFA,,,,
Jack,Crawford,DE,,2012,2011,77,274,4.74,33,116,,7.15,4.25,960.8918,535.692,477.8017,6908.0627,6.5,0,15,21,36,-39,0,0,1,1,1,0,1,1,1,0,1,DRAFTED,5,158,158,LV
Tyrone,Crawford,DE,,2012,2011,76,275,4.82,33,113,28,7.09,4.44,948.3921,514.6396,483.6037,6678.5298,6.5,2,20,24,44,-40,0,0,1,1,1,1,1,1,0,0,1,DRAFTED,3,81,81,DAL
Scott,Crichton,DE,,2014,2013,75,273,4.84,32,108,24,7.19,4.29,937.6042,528.7603,473.4094,6229.825,7.5,1,28,18,46,-52,0,0,1,1,1,1,1,1,0,0,1,DRAFTED,3,72,72,MIN
Jared,Crick,DE,,2012,2011,76,279,4.91,31,104,,7.47,4.4,944.5501,526.8719,465.6791,6007.972,1,0,7,15,22,-1,0,0,1,1,1,0,1,1,1,0,1,DRAFTED,4,126,126,HOU
Vinny,Curry,DE,,2012,2011,75,266,4.87,32,110,,6.9,4.4,907.9354,502.3223,480.6574,6268.5878,11,6,43,31,74,-69,0,0,1,1,1,0,1,1,1,0,1,DRAFTED,2,59,59,PHI
Marcus,Davenport,DE,,2018,2017,78,264,4.58,34,124,22,7.2,4.41,958.1659,497.415,457.1667,7387.8504,8.5,3,33,22,55,57,4,0,1,1,1,1,1,1,0,0,1,DRAFTED,1,14,14,NO
Ryan,Delaire,DE,,2015,2012,76,254,4.97,,,23,,,849.5317,,,,2.5,0,9,9,18,-27,0,0,1,0,0,1,0,0,4,0,0,UDFA,,,,
YaYa,Diaby,DE,,2023,2022,75,263,4.51,37,120,,,,969.3519,,,7039.7111,9,0,22,15,37,58,2,0,1,1,1,0,0,0,3,0,1,DRAFTED,3,82,82,TB
Fadil,Diggs,DE,,2025,2024,76,257,4.57,31,121,,,,934.8011,,,7013.9902,7.5,1,27,18,45,34,1,0,1,1,1,0,0,0,3,0,1,DRAFTED,7,254,254,NO
Victor,Dimukeje,DE,,2021,2020,73,262,4.87,35,115,28,7.25,4.35,894.2822,500.4556,450.5743,6609.0472,7.5,2,23,21,44,54,1,0,1,1,1,1,1,1,0,0,1,DRAFTED,6,210,210,ARI
Demarcus,Dobbs,DE,,2011,2010,74,281,4.87,31,107,,7.22,4.37,959.1348,534.2917,485.2575,6291.6277,1,0,9,15,24,-7,0,0,1,1,1,0,1,1,1,0,0,UDFA,,,,
Kevin,Dodd,DE,,2016,2015,77,277,4.86,,,,,,947.427,,,,12,0,44,16,60,-71,0,0,1,0,0,0,0,0,5,0,1,DRAFTED,2,33,33,TEN
Garret,Dooley,DE,,2018,2017,75,248,4.8,33,121,21,,4.28,858.8409,481.4613,,6851.6221,7.5,1,18,22,40,45,1,0,1,1,1,1,0,1,1,0,0,UDFA,,,,
Brandon,Dorlus,DE,,2024,2023,75,283,4.85,31,111,,7.43,4.85,969.9447,484.8397,474.8984,6657.8079,5,0,14,11,25,33,7,0,1,1,1,0,1,1,1,0,1,DRAFTED,4,109,109,ATL
Ethan,Downs,DE,,2025,2024,76,269,4.69,34,119,32,7.58,4.59,953.4144,486.9598,442.4724,7065.4319,3,1,21,8,29,22,2,0,1,1,1,1,1,1,0,0,0,UDFA,,,,
B.J.,Dubose,DE,,2015,2014,76,284,5.06,,,26,,,932.9752,,,,4,0,22,19,41,-29,0,0,1,0,0,1,0,0,4,0,1,DRAFTED,6,193,193,MIN
Khalid,Duke,DE,,2024,2023,75,246,4.79,34,117,21,,,853.6933,,,6485.4418,6,1,14,5,19,54,0,0,1,1,1,1,0,0,2,0,0,UDFA,,,,
Kony,Ealy,DE,,2014,2013,76,273,4.92,31,114,22,6.83,4.45,922.3586,509.7487,498.3622,6724.9726,9,1,31,12,43,-56,0,1,1,1,1,1,1,1,0,49,1,DRAFTED,2,60,60,CAR
Arnold,Ebiketie,DE,,2022,2021,74,250,,38,128,21,,,,,,7465.3761,9.5,2,34,28,62,62,0,0,0,1,1,1,0,0,3,0,1,DRAFTED,2,38,38,ATL
Lavar,Edwards,DE,,2013,2012,76,277,4.8,33,119,,7.03,4.51,959.2699,510.3366,491.2783,7209.7592,4.5,0,14,12,26,-32,0,1,1,1,1,0,1,1,1,23,1,DRAFTED,5,142,142,TEN
Duke,Ejiofor,DE,,2018,2017,76,264,,,,,,,,,,,6.5,1,26,17,43,46,1,0,0,0,0,0,0,0,6,0,1,DRAFTED,6,177,177,HOU
Ken,Ekanem,DE,,2017,2016,75,257,4.88,31,115,,7.38,4.58,875.4182,466.2525,434.1901,6518.8426,7.5,0,20,16,36,39,2,0,1,1,1,0,1,1,1,0,0,UDFA,,,,
Jonah,Elliss,DE,,2024,2023,74,248,,,,,,,,,,,12,1,23,14,37,100,3,0,0,0,0,0,0,0,6,0,1,DRAFTED,3,76,76,DEN
Ricky,Elmore,DE,,2011,2010,76,255,4.88,32,106,26,7.25,4.32,868.6056,490.4672,438.5361,5740.0394,11,0,31,18,49,-67,0,0,1,1,1,1,1,1,0,0,1,DRAFTED,6,197,197,GB
Kingsley,Enagbare,DE,,2022,2021,76,258,4.87,37,117,,,,880.6291,,,6701.9327,4.5,1,29,15,44,30,2,0,1,1,1,0,0,0,3,0,1,DRAFTED,5,179,179,GB
Ikenna,Enechukwu,DE,,2023,2022,76,264,4.7,32,120,,,,933.7021,,,7057.752,4.5,1,16,21,37,25,0,0,1,1,1,0,0,0,3,0,0,UDFA,,,,
I.K.,Enemkpali,DE,,2014,2013,73,261,4.86,34,112,28,7.67,4.65,892.702,466.3812,424.2758,6343.4325,5.5,0,21,26,47,-32,0,2,1,1,1,1,1,1,0,22,1,DRAFTED,6,210,210,NYJ
Donovan,Ezeiruaku,DE,,2025,2024,75,248,,36,119,22,6.94,4.19,,491.803,445.5489,6686.5729,16.5,3,37,43,80,91,1,0,0,1,1,1,1,1,1,0,1,DRAFTED,2,44,44,DAL
Jason,Fanaika,DE,,2016,2015,74,271,4.92,36,113,23,7.06,4.39,915.6014,512.9302,478.5945,6606.3662,4,0,27,26,53,-35,0,0,1,1,1,1,1,1,0,0,0,UDFA,,,,
Clelin,Ferrell,DE,,2019,2018,76,264,,,,25,7.26,4.4,,498.5455,453.3884,,11.5,3,29,26,55,59,2,0,0,0,0,1,1,1,3,0,1,DRAFTED,1,4,4,LV
Kylie,Fitts,DE,,2018,2017,76,263,4.69,33,117,31,6.88,4.19,932.1487,521.5491,476.618,6792.1373,3,1,14,9,23,25,1,0,1,1,1,1,1,1,0,0,1,DRAFTED,6,181,181,CHI
Trey,Flowers,DE,,2015,2014,74,266,4.93,37,121,28,7.34,4.4,896.8855,502.3223,451.8442,7176.3584,6,0,34,34,68,-71,0,0,1,1,1,1,1,1,0,0,1,DRAFTED,4,101,101,NE
Dee,Ford,DE,,2014,2013,74,252,,,,,,,,,,,10.5,1,20,11,31,-96,0,0,0,0,0,0,0,0,6,0,1,DRAFTED,1,23,23,KC
Isaiah,Foskey,DE,,2023,2022,77,264,4.58,34,125,22,7.28,4.41,958.1659,497.415,452.1429,7470.375,11,1,23,22,45,80,0,0,1,1,1,1,1,1,0,0,1,DRAFTED,2,40,40,NO
Justin,Francis,DE,,2012,2011,74,268,4.9,32,109,23,7.05,4.35,909.1614,511.9164,473.9678,6222.145,6.5,0,31,29,60,-47,0,1,1,1,1,1,1,1,0,0,0,UDFA,,,,
Myles,Garrett,DE,,2017,2016,76,272,4.64,41,128,33,,,974.4357,,,7862.2761,8.5,1,18,15,33,59,2,0,1,1,1,1,0,0,2,0,1,DRAFTED,1,1,1,CLE
Ali,Gaye,DE,,2023,2022,78,263,,,,,,,,,,,2.5,2,17,19,36,19,2,0,0,0,0,0,0,0,6,0,0,UDFA,,,,
James,Gayle,DE,,2014,2013,76,259,4.7,37,122,26,7.19,4.27,916.0184,503.994,449.132,7132.5967,6,0,20,24,44,-26,0,0,1,1,1,1,1,1,0,0,0,UDFA,,,,
William,Gholston,DE,,2013,2012,78,281,4.96,29,110,23,7.2,4.59,941.7311,508.6829,486.6054,6539.2015,4.5,1,24,36,60,-25,0,0,1,1,1,1,1,1,0,0,1,DRAFTED,4,126,126,TB
Ashton,Gillotte,DE,,2025,2024,75,264,,37,120,24,,,,,,7057.752,4.5,0,23,20,43,22,0,0,0,1,1,1,0,0,3,0,1,DRAFTED,3,66,66,KC
Malliciah,Goodman,DE,,2013,2012,76,276,4.87,32,114,26,,,942.0683,,,6779.0953,7,1,10,8,18,-41,0,0,1,1,1,1,0,0,2,0,1,DRAFTED,4,127,127,ATL
Carl,Granderson,DE,,2019,2018,77,254,4.79,35,119,,7.44,4.41,881.4557,478.5735,425.661,6794.8183,3,0,28,12,40,13,2,1,1,1,1,0,1,1,1,61,0,UDFA,,,,
Gerri,Green,DE,,2019,2018,76,252,4.63,35,114,24,7.27,4.42,904.7359,473.731,432.1846,6346.1135,3.5,0,7,21,28,26,1,0,1,1,1,1,1,1,0,0,1,DRAFTED,6,199,199,IND
Mike,Green,DE,,2025,2024,73,189,,,,28,,,,,,,17,3,38,43,81,144,2,0,0,0,0,1,0,0,5,0,1,DRAFTED,2,59,59,BAL
Rasheem,Green,DE,,2018,2017,77,275,4.73,33,118,,7.24,4.39,966.4376,520.5011,473.5843,7091.1528,10,1,19,24,43,48,4,0,1,1,1,0,1,1,1,0,1,DRAFTED,3,79,79,SEA
Randy,Gregory,DE,,2015,2014,77,235,4.64,37,125,24,,,841.8838,,,6947.1886,7,0,23,31,54,-67,0,1,1,1,1,1,0,0,2,0,1,DRAFTED,2,60,60,DAL
Porter,Gustin,DE,,2019,2018,76,255,4.69,36,119,31,,,903.7943,,,6812.8592,7,0,18,10,28,45,1,0,1,1,1,1,0,0,2,0,0,UDFA,,,,
Trevor,Guyton,DE,,2012,2011,75,285,5.01,31,105,,7.45,4.53,945.6042,522.7574,476.9707,6198.7421,5.5,1,19,22,41,-33,0,0,1,1,1,0,1,1,1,0,1,DRAFTED,7,219,219,MIN
Obum,Gwacham,DE,,2015,2014,77,246,4.72,36,121,22,7.28,4.28,866.354,477.5786,421.3149,6815.5402,4,1,17,11,28,-27,0,0,1,1,1,1,1,1,0,0,1,DRAFTED,6,209,209,SEA
Daeshon,Hall,DE,,2017,2016,77,266,4.76,36,123,18,7.03,4.38,928.9171,504.616,471.769,7341.4076,3.5,2,28,22,50,26,1,0,1,1,1,1,1,1,0,0,1,DRAFTED,3,77,77,CAR
Derick,Hall,DE,,2023,2022,75,254,4.55,34,127,,,,927.9501,,,7455.0151,6.5,2,41,19,60,36,0,1,1,1,1,0,0,0,3,19,1,DRAFTED,2,37,37,SEA
Logan,Hall,DE,,2022,2021,78,283,4.88,30,,,7.25,4.44,963.9819,529.611,486.689,,6,0,24,23,47,44,0,0,1,1,0,0,1,1,2,0,1,DRAFTED,2,33,33,TB
Nick,Hampton,DE,,2023,2022,74,236,4.58,36,120,,,,856.5423,,,6552.6065,7,3,20,19,39,29,1,0,1,1,1,0,0,0,3,0,1,DRAFTED,5,161,161,LAR
Dashawn,Hand,DE,,2018,2017,76,297,4.83,32,111,28,7.98,4.62,1022.1429,534.1558,464.0414,6910.3806,3,0,9,18,27,23,1,0,1,1,1,1,1,1,0,0,0,UDFA,,,,
Jaylen,Harrell,DE,,2024,2023,76,250,,37,118,,,,,,,6640.1301,6.5,2,15,16,31,54,1,0,0,1,1,0,0,0,4,0,1,DRAFTED,7,252,252,TEN
Charles,Harris,DE,,2017,2016,75,253,4.82,32,109,21,7.47,4.42,872.5207,475.6109,422.2825,5951.5314,9,1,35,26,61,-51,0,0,1,1,1,1,1,1,0,0,1,DRAFTED,1,22,22,MIA
Zach,Harrison,DE,,2023,2022,78,274,,,,25,,,,,,,3.5,3,20,14,34,22,4,1,0,0,0,1,0,0,5,2,1,DRAFTED,3,75,75,ATL
Taylor,Hart,DE,,2014,2013,78,281,4.92,,,21,,,949.3875,,,,3.5,1,43,32,75,-16,0,0,1,0,0,1,0,0,4,0,1,DRAFTED,5,141,141,PHI
Ahmed,Hassanein,DE,,2025,2024,74,267,4.77,33,113,27,,,930.4545,,,6534.2025,9.5,0,28,20,48,62,0,0,1,1,1,1,0,0,2,0,1,DRAFTED,6,196,196,DET
Jason,Hatcher,DE,,2006,2015,78,284,4.82,36,113,28,7.67,4.49,979.4304,525.5639,461.6641,6840.898,2,0,17,22,39,-16,0,0,1,1,1,1,1,1,0,0,1,DRAFTED,3,92,92,DAL
James,Hearns,DE,,2018,2017,75,239,4.89,,,22,,,812.44,,,,7,4,29,13,42,48,3,0,1,0,0,1,0,0,4,0,0,UDFA,,,,
Trey,Hendrickson,DE,,2017,2016,76,266,4.65,34,122,,7.03,4.2,950.8915,526.2424,471.769,7258.883,9.5,0,24,25,49,-60,0,0,1,1,1,0,1,1,1,0,1,DRAFTED,3,103,103,NO
KJ,Henry,DE,,2023,2022,76,251,4.63,32,112,,,,901.1457,,,6163.0234,3.5,1,26,25,51,31,6,0,1,1,1,0,0,0,3,0,0,UDFA,,,,
Nick,Herbig,DE,,2023,2022,74,240,4.65,,,25,,,857.9472,,,,11,2,32,15,47,86,2,0,1,0,0,1,0,0,4,0,1,DRAFTED,4,132,132,PIT
Cameron,Heyward,DE,,2011,2010,77,294,4.95,30,,,,,987.2893,,,,3.5,0,25,23,48,-26,0,1,1,1,0,0,0,0,4,80,1,DRAFTED,1,31,31,PIT
Jeff,Holland,DE,,2018,2017,74,249,4.79,,116,,,,864.1042,,,6457.04,10,3,27,18,45,67,1,0,1,0,1,0,0,0,4,0,0,UDFA,,,,
Justin,Hollins,DE,,2019,2018,77,248,4.5,37,119,25,7.06,4.4,916.097,468.3306,437.9758,6686.5729,6.5,5,38,26,64,51,6,1,1,1,1,1,1,1,0,7,1,DRAFTED,5,156,156,DEN
Jalyn,Holmes,DE,,2018,2017,77,283,4.82,32,,25,,,975.9817,,,,2,1,18,12,30,10,3,0,1,1,0,1,0,0,3,0,1,DRAFTED,4,102,102,MIN
Dylan,Horton,DE,,2023,2022,76,257,,34,120,18,,,,,,6931.4656,10,1,31,17,48,79,4,0,0,1,1,1,0,0,3,0,1,DRAFTED,4,109,109,HOU
Sam,Hubbard,DE,,2018,2017,77,270,,35,116,,6.84,4.32,,519.3182,492.1651,6835.8991,7,2,27,15,42,49,0,0,0,1,1,0,1,1,2,0,1,DRAFTED,3,77,77,CIN
Wyatt,Hubert,DE,,2021,2020,74,258,4.93,33,110,,7.03,4.28,869.9115,500.8751,457.5805,6124.2605,8.5,2,19,8,27,41,1,0,1,1,1,0,1,1,1,0,1,DRAFTED,7,235,235,CIN
Margus,Hunt,DE,,2013,2012,80,277,4.62,35,121,38,7.07,4.51,996.644,510.3366,488.4988,7374.8084,8,1,20,12,32,-56,0,1,1,1,1,1,1,1,0,9,1,DRAFTED,2,53,53,CIN
Danielle,Hunter,DE,,2015,2014,77,252,4.57,,,25,,,916.6143,,,,1.5,1,30,43,73,-8,0,0,1,0,0,1,0,0,4,0,1,DRAFTED,3,88,88,MIN
Aidan,Hutchinson,DE,,2022,2021,79,260,4.74,36,117,,6.73,4.15,911.7952,520.5696,481.6831,6738.0146,14,2,36,26,62,73,3,0,1,1,1,0,1,1,1,0,1,DRAFTED,1,2,2,DET
Andre Carter,II,DE,,2023,2022,79,256,,30,109,11,,4.36,,487.8732,,6005.6541,3,0,21,16,37,18,2,0,0,1,1,1,0,1,2,0,0,UDFA,,,,
Will McDonald,IV,DE,,2023,2022,76,239,,36,132,,,,,,,7597.0245,5,1,23,13,36,40,4,0,0,1,1,0,0,0,4,0,0,UDFA,,,,
Martin,Ifedi,DE,,2015,2014,75,275,4.88,31,111,16,7.39,4.58,936.7316,498.9083,463.9716,6513.4806,2.5,0,26,3,29,-18,0,0,1,1,1,1,1,1,0,0,1,DRAFTED,7,227,227,LAR
Thomas,Incoom,DE,,2023,2022,74,262,4.66,31,118,23,,,934.5825,,,6856.621,11.5,1,33,24,57,72,0,0,1,1,1,1,0,0,2,0,0,UDFA,,,,
Adisa,Isaac,DE,,2024,2023,76,247,4.74,35,123,,,,866.2054,,,6998.6303,8,1,35,24,59,52,1,0,1,1,1,0,0,0,3,0,1,DRAFTED,3,93,93,BAL
Jared,Ivey,DE,,2025,2024,78,274,,,,,,,,,,,7,2,23,19,42,59,3,0,0,0,0,0,0,0,6,0,0,UDFA,,,,
Branden,Jackson,DE,,2016,2015,76,273,5.06,32,113,20,7.4,4.77,896.8388,475.5517,459.9748,6642.448,2,0,24,7,31,-12,0,0,1,1,1,1,1,1,0,0,0,UDFA,,,,
Brennan,Jackson,DE,,2024,2023,76,264,4.69,34,114,21,,,935.693,,,6562.6044,8.5,1,17,14,31,51,1,0,1,1,1,1,0,0,2,0,1,DRAFTED,5,154,154,LAR
Drake,Jackson,DE,,2022,2021,73,293,,37,127,,,,,,,7455.0151,5,1,23,14,37,30,1,1,0,1,1,0,0,0,4,9,1,DRAFTED,2,61,61,SF
Landon,Jackson,DE,,2025,2024,78,264,4.68,41,129,,,,937.6923,,,7800.4734,6.5,1,28,21,49,45,3,0,1,1,1,0,0,0,3,0,1,DRAFTED,3,72,72,BUF
Malik,Jackson,DE,,2012,2011,77,284,4.85,28,105,25,7.38,4.41,973.3721,535.0979,479.8054,6180.7012,2.5,1,24,33,57,-14,0,0,1,1,1,1,1,1,0,0,1,DRAFTED,5,137,137,DEN
Tarron,Jackson,DE,,2021,2020,74,254,4.68,29,118,25,7.45,4.51,902.1737,467.9621,425.0897,6712.2937,8.5,3,25,29,54,50,0,0,1,1,1,1,1,1,0,0,1,DRAFTED,6,191,191,PHI
Leon,Jacobs,DE,,2018,2017,75,246,4.48,35,122,26,7.14,4.44,912.7658,460.3686,429.576,6898.0648,3.5,0,35,25,60,28,3,2,1,1,1,1,1,1,0,5,1,DRAFTED,7,230,230,JAX
Jamaar,Jarrett,DE,,2012,2011,77,265,4.96,30,114,21,,4.34,888.1094,507.3523,,6580.6453,2,1,21,14,35,-15,0,0,1,1,1,1,0,1,1,0,0,UDFA,,,,
Javontae,Jean-Baptiste,DE,,2024,2023,77,239,4.66,35,127,,,,852.539,,,7184.4015,5,0,21,28,49,40,1,0,1,1,1,0,0,0,3,0,1,DRAFTED,7,222,222,WAS
Jackson,Jeffcoat,DE,,2014,2013,75,247,4.63,36,123,18,6.97,4.18,886.7848,490.9917,441.8423,6998.6303,13,1,40,39,79,-75,0,1,1,1,1,1,1,1,0,8,0,UDFA,,,,
Trajan,Jeffcoat,DE,,2024,2023,76,266,4.69,32,120,21,,,942.7815,,,7093.8338,4,0,7,9,16,23,0,0,1,1,1,1,0,0,2,0,0,UDFA,,,,
Cece,Jefferson,DE,,2019,2017,73,266,5.02,31,108,17,7.5,4.53,880.8059,487.9069,442.2048,6103.5386,4.5,0,19,28,47,14,1,0,1,1,1,1,1,1,0,0,0,UDFA,,,,
Jalen,Jelks,DE,,2019,2018,77,256,4.92,33,113,19,7.22,4.59,864.9224,463.4264,442.0851,6335.7525,3.5,0,30,26,56,26,1,0,1,1,1,1,1,1,0,0,1,DRAFTED,7,241,241,DAL
Brandon,Jenkins,DE,,2013,2011,74,251,5.07,,,18,,,822.9398,,,,8,0,29,12,41,-63,0,0,1,0,0,1,0,0,4,0,1,DRAFTED,5,162,162,WAS
Cam,Johnson,DE,,2012,2011,75,268,4.75,35,105,,7.2,4.38,937.8718,508.4101,464.0934,5892.0466,4,0,15,15,30,-25,0,0,1,1,1,0,1,1,1,0,1,DRAFTED,7,237,237,SF
Cedric,Johnson,DE,,2024,2023,75,260,4.63,38,122,25,,,933.4577,,,7150.6376,5.5,1,17,23,40,33,3,0,1,1,1,1,0,0,2,0,1,DRAFTED,6,214,214,CIN
DJ,Johnson,DE,,2023,2022,76,260,4.49,32,110,28,,,962.5633,,,6160.3424,6,0,15,24,39,42,2,0,1,1,1,1,0,0,2,0,0,UDFA,,,,
Michael,Johnson,DE,,2009,2015,75,205,4.61,39,128,28,7.42,4.37,959.1422,505.7708,446.9726,7754.0306,3,0,58,45,103,-34,0,0,1,1,1,1,1,1,0,0,1,DRAFTED,3,70,70,CIN
Mustafa,Johnson,DE,,2021,2021,73,280,,29,103,27,7.18,4.51,,515.8637,486.2244,5943.4883,2,0,15,7,22,12,0,0,0,1,1,1,1,1,1,0,0,UDFA,,,,
Patrick,Johnson,DE,,2021,2020,78,240,4.59,35,119,16,6.97,4.41,869.1622,452.1954,429.3205,6542.2456,10,2,28,11,39,57,2,0,1,1,1,1,1,1,0,0,1,DRAFTED,7,234,234,PHI
Tyree,Johnson,DE,,2022,2021,75,248,,,,21,,,,,,,8.5,1,20,11,31,53,0,0,0,0,0,1,0,0,5,0,0,UDFA,,,,
Zeandae,Johnson,DE,,2021,2019,75,270,4.89,28,108,22,,,917.8193,,,6175.7023,3.5,1,16,13,29,25,2,0,1,1,1,1,0,0,2,0,0,UDFA,,,,
Chandler,Jones,DE,,2012,2011,77,266,4.77,35,120,22,7.07,4.38,926.9697,504.616,469.0999,7093.8338,4.5,1,31,8,39,-30,0,1,1,1,1,1,1,1,0,32,1,DRAFTED,1,21,21,NE
Datone,Jones,DE,,2013,2012,76,283,4.8,32,112,29,7.32,4.32,980.0483,544.3224,482.0349,6740.3325,5.5,0,43,15,58,-31,0,0,1,1,1,1,1,1,0,0,1,DRAFTED,1,26,26,GB
Jason,Jones,DE,,2008,2012,77,273,4.76,26,123,18,7.29,4.32,953.3623,525.0884,466.9155,7467.694,3.5,0,14,13,27,-34,0,0,1,1,1,1,1,1,0,0,1,DRAFTED,2,54,54,TEN
Sai'vion,Jones,DE,,2025,2024,77,280,,33,119,19,,,,,,7263.8819,4.5,2,19,21,40,22,2,0,0,1,1,1,0,0,3,0,1,DRAFTED,3,101,101,DEN
Cameron,Jordan,DE,,2011,2010,76,287,4.74,31,117,25,7.07,4.37,1006.4816,545.7,506.1341,7225.1191,5.5,1,26,25,51,-32,0,0,1,1,1,1,1,1,0,0,1,DRAFTED,1,24,24,NO
Jah,Joyner,DE,,2025,2024,76,262,4.6,30,,,7.33,4.68,946.7727,465.1671,445.6567,,4.5,2,12,20,32,34,7,0,1,1,0,0,1,1,2,0,0,UDFA,,,,
Andre Jones,Jr.,DE,,2023,2022,77,248,,29,116,,,,,,,6438.9991,6.5,1,21,27,48,32,1,1,0,1,1,0,0,0,4,0,0,UDFA,,,,
Deatrich Wise,Jr.,DE,,2017,2016,77,274,4.92,33,124,22,,,925.7373,,,7568.2595,3.5,1,21,28,49,23,3,0,1,1,1,1,0,0,2,0,1,DRAFTED,4,131,131,NE
James Pearce,Jr.,DE,,2025,2024,77,245,4.47,31,123,,,,911.0891,,,6962.5485,7.5,1,23,15,38,53,1,0,1,1,1,0,0,0,3,0,1,DRAFTED,1,26,26,ATL
"Mario Edwards,",Jr.,DE,,2015,2014,75,279,4.76,33,120,32,7.44,4.55,974.3153,509.5025,467.5568,7328.3656,3,1,14,9,23,-27,0,0,1,1,1,1,1,1,0,0,1,DRAFTED,2,35,35,LV
Viliami Fehoko,Jr.,DE,,2023,2022,76,276,,,,24,,,,,,,9,2,41,28,69,60,1,0,0,0,0,1,0,0,5,0,0,UDFA,,,,
Will Anderson,Jr.,DE,,2023,2022,76,253,4.6,,,,,,914.25,,,,10,0,24,27,51,58,1,1,1,0,0,0,0,0,5,25,1,DRAFTED,1,3,3,HOU
Peter,Kalambayi,DE,,2018,2017,75,252,4.57,34,121,19,7.13,4.36,916.6143,480.2502,440.6707,6923.7857,11,0,33,26,59,24,1,0,1,1,1,1,1,1,0,0,1,DRAFTED,6,214,214,HOU
Ufomba,Kamalu,DE,,2016,2014,77,295,5.01,25,106,26,7.32,4.58,978.7833,535.1925,502.4745,6461.6758,3.5,0,21,13,34,-19,0,0,1,1,1,1,1,1,0,0,0,UDFA,,,,
Mohamed,Kamara,DE,,2024,2023,73,248,4.57,35,123,23,,,902.0648,,,7016.6713,13,2,29,27,56,81,1,0,1,1,1,1,0,0,2,0,1,DRAFTED,5,158,158,MIA
George,Karlaftis,DE,,2022,2021,76,266,,38,121,21,,4.36,,506.9308,,7176.3584,4.5,2,25,11,36,20,2,0,0,1,1,1,0,1,2,0,1,DRAFTED,1,30,30,KC
Bronson,Kaufusi,DE,,2016,2015,78,285,4.87,30,111,25,7.03,4.25,972.7879,557.1979,505.4668,6693.8897,11,2,45,19,64,-72,0,1,1,1,1,1,1,1,0,10,1,DRAFTED,3,70,70,BAL
Kyle,Kennard,DE,,2025,2024,76,254,4.73,,,23,,,892.6369,,,,11.5,3,20,8,28,96,1,0,1,0,0,1,0,0,4,0,1,DRAFTED,4,125,125,LAC
Ryan,Kerrigan,DE,,2011,2010,76,267,4.67,34,122,31,7.18,4.39,950.3786,505.3593,463.6497,7276.9239,12.5,1,50,20,70,-74,0,0,1,1,1,1,1,1,0,0,1,DRAFTED,1,16,16,WAS
Arden,Key,DE,,2018,2017,78,238,,31,117,,7.16,4.25,,465.3091,414.4451,6341.1146,4,1,15,18,33,21,0,0,0,1,1,0,1,1,2,0,1,DRAFTED,3,87,87,LV
Karl,Klug,DE,,2011,2010,75,275,4.85,,,22,,,942.5258,,,,5.5,1,29,28,57,-48,0,0,1,0,0,1,0,0,4,0,1,DRAFTED,5,142,142,TEN
Marshawn,Kneeland,DE,,2024,2023,75,267,4.75,36,119,21,7.02,4.18,934.3722,530.7482,474.2172,7029.3501,4.5,2,29,28,57,46,0,0,1,1,1,1,1,1,0,0,1,DRAFTED,2,56,56,DAL
Malcolm,Koonce,DE,,2021,2020,74,249,,,,,,,,,,,5,0,16,14,30,32,2,0,0,0,0,0,0,0,6,0,1,DRAFTED,3,79,79,LV
Joe,Kruger,DE,,2013,2012,78,269,4.83,34,117,24,7.17,4.46,925.7792,501.1537,467.7742,6900.3827,6,0,19,11,30,-37,0,1,1,1,1,1,1,1,0,24,1,DRAFTED,7,212,212,PHI
Tyler,Lacy,DE,,2023,2022,76,279,5.11,29,116,30,7.6,,907.5814,,457.7135,6998.2672,3,0,12,15,27,23,1,0,1,1,1,1,1,0,1,0,1,DRAFTED,4,130,130,JAX
Laiatu,Latu,DE,,2024,2023,77,259,4.64,32,116,,,,927.8634,,,6637.4491,13,2,28,21,49,76,2,2,1,1,1,0,0,0,3,46,1,DRAFTED,1,15,15,IND
Demarcus,Lawrence,DE,,2014,2013,75,251,4.8,35,113,20,7.46,4.31,869.2301,483.8937,419.5058,6245.548,10.5,0,39,33,72,-77,0,0,1,1,1,1,1,1,0,0,1,DRAFTED,2,34,34,DAL
Carl,Lawson,DE,,2017,2016,74,261,4.67,33,114,35,7.46,4.19,929.0218,517.583,436.2192,6508.4817,9,1,15,15,30,62,0,0,1,1,1,1,1,1,0,0,1,DRAFTED,4,116,116,CIN
Shaq,Lawson,DE,,2016,2015,75,269,4.7,33,120,,7.16,4.21,951.3859,530.9134,468.4275,7147.9565,12.5,0,35,23,58,-91,0,0,1,1,1,0,1,1,1,0,1,DRAFTED,1,19,19,BUF
Corey,Lemonier,DE,,2013,2012,75,255,4.6,33,119,27,7.14,4.4,921.4773,481.5496,445.2922,6812.8592,5.5,0,15,13,28,-32,0,0,1,1,1,1,1,1,0,0,1,DRAFTED,3,88,88,SF
Eku,Leota,DE,,2023,2022,75,252,,,,,,,,,,,2,0,13,4,17,19,0,0,0,0,0,0,0,0,6,0,0,UDFA,,,,
Tyquan,Lewis,DE,,2018,2017,75,265,,36,122,,,,,,,7240.8421,7,2,12,8,20,42,2,0,0,1,1,0,0,0,4,0,1,DRAFTED,2,64,64,IND
Steve,Linton,DE,,2025,2024,76,242,,33,124,21,7.25,,,,416.1793,6990.9504,3,1,25,1,26,31,0,0,0,1,1,1,1,0,2,0,0,UDFA,,,,
James,Looney,DE,,2018,2017,75,287,4.89,36,113,28,7.32,4.37,975.6079,545.7,488.8481,6895.0207,3.5,1,19,22,41,22,0,0,1,1,1,1,1,1,0,0,1,DRAFTED,7,232,232,GB
Isaiahh,Loudermilk,DE,,2021,2020,78,274,5.08,29,112,21,7.52,4.55,896.5802,500.3716,454.2928,6577.9643,2,0,9,4,13,11,0,0,1,1,1,1,1,1,0,0,1,DRAFTED,5,156,156,PIT
Dean,Lowry,DE,,2016,2015,78,296,4.87,33,114,30,7.26,4.38,1010.3341,561.5276,508.3446,7139.9135,3,0,31,21,52,-28,0,1,1,1,1,1,1,1,0,18,1,DRAFTED,4,137,137,GB
Aaron,Lynch,DE,,2014,2013,77,249,4.76,,,18,,,869.5502,,,,5,0,17,12,29,-29,0,0,1,0,0,1,0,0,4,0,1,DRAFTED,5,150,150,SF
Boye,Mafe,DE,,2022,2021,76,261,4.53,38,125,,,,957.7333,,,7416.2523,7,1,26,8,34,41,0,0,1,1,1,0,0,0,3,0,1,DRAFTED,2,40,40,SEA
DeAngelo,Malone,DE,,2022,2021,75,243,,,,23,,,,,,,9,4,44,50,94,61,4,0,0,0,0,1,0,0,5,0,1,DRAFTED,3,82,82,ATL
Stansly,Maponga,DE,,2013,2012,74,256,4.78,,,30,,,890.2548,,,,4,2,15,10,25,-28,0,0,1,0,0,1,0,0,4,0,1,DRAFTED,5,153,153,ATL
Cassius,Marsh,DE,,2014,2013,76,252,4.89,32,108,14,7.08,4.25,856.6313,492.6802,443.7827,5850.9659,6,0,35,20,55,-41,0,0,1,1,1,1,1,1,0,0,1,DRAFTED,4,108,108,SEA
Kareem,Martin,DE,,2014,2013,78,272,4.72,36,129,22,7.2,4.33,957.9199,521.9567,471.0202,7944.8007,11.5,0,46,36,82,-84,0,0,1,1,1,1,1,1,0,0,1,DRAFTED,3,84,84,ARI
Sean,Martin,DE,,2025,2024,78,293,4.88,29,112,28,7.38,,998.0449,,495.0105,6920.7416,3.5,0,8,15,23,27,1,0,1,1,1,1,1,0,1,0,0,UDFA,,,,
Hercules,Mata'afa,DE,,2018,2017,73,254,4.76,32,108,26,7.24,4.37,887.0111,482.954,437.4196,5887.0477,10.5,2,31,14,45,55,0,0,1,1,1,1,1,1,0,0,0,UDFA,,,,
Joe,Mathis,DE,,2017,2016,74,266,,,,24,,,,,,,5,0,14,11,25,25,1,0,0,0,0,1,0,0,5,0,0,UDFA,,,,
Ochaun,Mathis,DE,,2023,2022,77,250,4.74,34,118,21,,4.38,876.7261,474.2632,,6640.1301,3.5,0,24,24,48,23,2,0,1,1,1,1,0,1,1,0,1,DRAFTED,6,189,189,LAR
Cliff,Matthews,DE,,2011,2010,75,257,4.81,32,112,17,7.21,4.37,888.1582,488.6582,444.4276,6271.2688,5.5,1,27,12,39,-41,0,0,1,1,1,1,1,1,0,0,1,DRAFTED,7,230,230,ATL
Josh,Mauro,DE,,2014,2013,78,271,5.21,32,116,21,7.43,4.51,864.6371,499.2824,454.7614,6853.94,4,1,34,17,51,-33,0,1,1,1,1,1,1,1,0,25,0,UDFA,,,,
Alex,McCalister,DE,,2016,2015,78,239,4.8,35,128,,7.01,4,827.6733,496.4682,425.0921,7266.9261,6.5,0,15,8,23,-49,0,0,1,1,1,0,1,1,1,0,1,DRAFTED,7,240,240,PHI
Braiden,McGregor,DE,,2024,2023,77,257,,,,,,,,,,,4.5,1,13,13,26,38,3,0,0,0,0,0,0,0,6,0,0,UDFA,,,,
Isaiah,McGuire,DE,,2023,2022,76,268,4.76,37,122,,7.39,,935.9015,,452.1614,7294.9648,7,2,24,15,39,61,0,0,1,1,1,0,1,0,2,0,1,DRAFTED,4,126,126,CLE
Romeo,McKnight,DE,,2021,2020,76,252,4.98,38,118,,7.06,4.2,841.1501,498.5455,445.0399,6676.2119,1.5,0,13,11,24,12,0,0,1,1,1,0,1,1,1,0,0,UDFA,,,,
Pernell,McPhee,DE,,2011,2010,75,278,4.91,29,107,20,7.13,4.59,941.1646,503.2521,486.1367,6237.5049,2,1,14,18,32,-19,0,0,1,1,1,1,1,1,0,0,1,DRAFTED,5,165,165,BAL
Whitney,Mercilus,DE,,2012,2011,76,261,4.68,32,118,27,7.17,4.53,927.0367,478.7357,453.8627,6838.5801,16,0,28,29,57,-109,0,0,1,1,1,1,1,1,0,0,1,DRAFTED,1,26,26,HOU
Christian,Miller,DE,,2019,2018,75,247,,39,118,,,,,,,6586.0073,8.5,0,16,19,35,35,1,0,0,1,1,0,0,0,4,0,1,DRAFTED,4,115,115,CAR
Shareef,Miller,DE,,2019,2018,76,254,4.69,30,,16,,4.45,900.25,474.2717,,,7.5,0,25,16,41,63,0,0,1,1,0,1,0,1,2,0,1,DRAFTED,4,138,138,PHI
Tevin,Mims,DE,,2014,2013,76,260,4.95,28,109,17,,,873.1129,,,6077.8178,1.5,0,20,20,40,-18,0,0,1,1,1,1,0,0,2,0,0,UDFA,,,,
Sam,Montgomery,DE,,2013,2012,75,262,4.81,35,114,,7.18,4.51,905.4375,482.7011,454.9671,6526.5226,8,1,18,19,37,-43,0,0,1,1,1,0,1,1,1,0,1,DRAFTED,3,95,95,HOU
Damontre,Moore,DE,,2013,2012,76,250,4.95,36,122,12,,,839.5317,,,6970.2285,12.5,1,58,28,86,-70,0,0,1,1,1,1,0,0,2,0,1,DRAFTED,3,81,81,NYG
Mike,Morris,DE,,2023,2022,77,275,4.95,29,110,22,,,923.4848,,,6430.956,7,1,16,7,23,47,3,0,1,1,1,1,0,0,2,0,1,DRAFTED,5,151,151,SEA
Avery,Moss,DE,,2017,2013,75,264,4.79,33,114,14,7.25,4.43,916.1587,495.1693,454.0138,6562.6044,4.5,0,19,17,36,-24,0,1,1,1,1,1,1,1,0,25,1,DRAFTED,5,167,167,NYG
Al-Quadin,Muhammad,DE,,2017,2015,75,253,4.88,31,117,22,7.25,4.47,861.793,470.2908,435.0966,6611.7282,5,1,34,20,54,-26,0,0,1,1,1,1,1,1,0,0,1,DRAFTED,6,196,196,NO
Gabriel,Murphy,DE,,2024,2023,74,247,4.68,40,123,25,,,877.3106,,,6998.6303,8.5,3,28,34,62,59,2,0,1,1,1,1,0,0,2,0,0,UDFA,,,,
Myles,Murphy,DE,,2023,2022,77,268,,,,25,,,,,,,6.5,1,22,18,40,33,2,0,0,0,0,1,0,0,5,0,1,DRAFTED,1,28,28,CIN
Trent,Murphy,DE,,2014,2013,77,250,4.86,36,118,19,6.78,4.2,855.0786,494.5887,459.7412,6640.1301,15,1,37,25,62,-118,0,1,1,1,1,1,1,1,0,30,1,DRAFTED,2,47,47,WAS
Carl,Nassib,DE,,2016,2015,79,277,4.84,29,114,21,7.27,4.37,951.342,526.6861,475.06,6797.1362,15.5,0,31,15,46,-107,0,1,1,1,1,1,1,1,0,10,1,DRAFTED,3,65,65,CLE
Lukas Van,Ness,DE,,2023,2022,77,272,4.58,31,118,17,7.02,4.32,987.2013,523.165,483.0976,7037.0301,6.5,0,18,18,36,40,0,0,1,1,1,1,1,1,0,0,0,UDFA,,,,
Giorgio,Newberry,DE,,2016,2015,77,285,4.94,30,114,20,7.53,4.78,959.0035,495.4165,471.9033,6941.4635,2,0,8,10,18,-6,0,0,1,1,1,1,1,1,0,0,0,UDFA,,,,
Yannick,Ngakoue,DE,,2016,2015,74,252,4.75,35,118,26,7.35,4.5,881.8794,465.3091,427.4805,6676.2119,13.5,0,26,12,38,-76,0,0,1,1,1,1,1,1,0,0,1,DRAFTED,3,69,69,JAX
Dadi,Nicolas,DE,,2016,2015,75,235,4.74,41,116,14,7.04,4.38,824.1226,445.8074,416.1964,6204.4672,2.5,2,20,23,43,-23,0,0,1,1,1,1,1,1,0,0,1,DRAFTED,6,203,203,KC
Noble,Nwachukwu,DE,,2017,2016,73,268,4.83,31,110,27,,,922.3377,,,6304.6696,4,1,28,12,40,24,2,0,1,1,1,1,0,0,2,0,0,UDFA,,,,
Uchenna,Nwosu,DE,,2018,2017,75,251,4.65,32,119,20,,,897.2698,,,6740.6956,9.5,0,47,28,75,52,13,1,1,1,1,1,0,0,2,0,1,DRAFTED,2,48,48,LAC
Shawn,Oakman,DE,,2016,2015,80,287,4.96,32,123,23,7.53,4.56,961.8393,522.9625,475.2149,7720.2667,4.5,1,32,10,42,-38,0,0,1,1,1,1,1,1,0,0,0,UDFA,,,,
Ifeadi,Odenigbo,DE,,2017,2016,75,258,4.72,32,128,25,7.26,4.4,908.6152,487.2149,443.0841,7609.7033,10,2,16,6,22,70,0,0,1,1,1,1,1,1,0,0,1,DRAFTED,7,220,220,MIN
Emmanuel,Ogbah,DE,,2016,2015,76,273,4.63,36,121,20,7.26,4.5,980.1306,504.0848,468.8449,7302.6448,13,2,41,23,64,-63,0,0,1,1,1,1,1,1,0,0,1,DRAFTED,2,32,32,CLE
Larry,Ogunjobi,DE,,2017,2016,75,305,4.97,32,116,26,7.55,4.75,1020.107,533.5311,503.6815,7467.3309,3,0,31,34,65,-15,0,0,1,1,1,1,1,1,0,0,1,DRAFTED,3,65,65,CLE
David,Ojabo,DE,,2022,2021,76,250,4.55,35,122,,,4.45,913.3367,466.8029,,6970.2285,11,5,24,11,35,81,3,0,1,1,1,0,0,1,2,0,1,DRAFTED,2,45,45,BAL
BJ,Ojulari,DE,,2023,2022,74,248,,33,126,,,,,,,7264.2451,5.5,1,36,22,58,33,0,0,0,1,1,0,0,0,4,0,1,DRAFTED,2,41,41,ARI
Alex,Okafor,DE,,2013,2012,76,264,4.78,,,21,,,918.0753,,,,12.5,1,39,13,52,-103,0,0,1,0,0,1,0,0,4,0,1,DRAFTED,4,103,103,ARI
Eyabi,Okie-Anoma,DE,,2024,2023,77,260,,,,,,,,,,,5.5,1,23,33,56,43,1,0,0,0,0,0,0,0,6,0,0,UDFA,,,,
Romeo,Okwara,DE,,2016,2015,77,265,4.9,33,120,23,7.38,4.53,898.9842,486.0726,447.7057,7075.7929,8,0,31,16,47,-54,0,0,1,1,1,1,1,1,0,0,0,UDFA,,,,
Collin,Oliver,DE,,2025,2023,74,240,4.56,39,126,,,,874.8804,,,7119.9178,6,4,45,28,73,48,5,0,1,1,1,0,0,0,3,0,1,DRAFTED,5,159,159,GB
Nate,Orchard,DE,,2015,2014,75,250,4.8,32,115,,7.28,4.43,865.767,468.9103,428.1656,6392.5563,18.5,1,54,30,84,-118,0,0,1,1,1,0,1,1,1,0,1,DRAFTED,2,51,51,CLE
Esezi,Otomewo,DE,,2022,2021,77,282,,,,,,,,,,,3,0,24,6,30,23,0,0,0,0,0,0,0,0,6,0,1,DRAFTED,5,165,165,MIN
Drew,Ott,DE,,2016,2015,76,273,4.88,,,,,,929.919,,,,5,0,8,3,11,-50,0,0,1,0,0,0,0,0,5,0,0,UDFA,,,,
Cheta,Ozougwu,DE,,2011,2010,74,247,4.84,35,119,26,7.06,4.31,848.3086,476.1822,436.2098,6668.5319,3,2,32,22,54,-20,0,0,1,1,1,1,1,1,0,0,1,DRAFTED,7,254,254,HOU
Jeoffrey,Pagan,DE,,2014,2013,75,310,4.92,,,,,,1047.367,,,,2,0,17,16,33,-12,0,0,1,0,0,0,0,0,5,0,1,DRAFTED,6,177,177,HOU
Ronnie,Perkins,DE,,2021,2020,74,253,4.71,32,115,25,,4.69,892.8981,448.2303,,6446.679,5.5,0,16,7,23,32,0,0,1,1,1,1,0,1,1,0,1,DRAFTED,3,96,96,NE
Nick,Perry,DE,,2012,2011,75,271,4.55,39,124,35,7.25,4.66,990.0569,483.2111,466.052,7514.1368,9.5,2,32,23,55,-62,0,0,1,1,1,1,1,1,0,0,1,DRAFTED,1,28,28,GB
D.J.,Pettway,DE,,2016,2015,74,265,4.99,28,108,17,7.74,4.69,882.7701,469.4902,426.8822,6085.4977,2,0,11,7,18,-10,0,0,1,1,1,1,1,1,0,0,0,UDFA,,,,
Lonnie,Phelps,DE,,2023,2022,74,244,4.55,,,31,,,891.4166,,,,7,2,46,12,58,40,1,0,1,0,0,1,0,0,4,0,0,UDFA,,,,
Jachai,Polite,DE,,2019,2018,75,258,4.84,32,,,,,886.0875,,,,11,6,27,18,45,55,4,0,1,1,0,0,0,0,4,0,1,DRAFTED,3,68,68,NYJ
Jose,Ramirez,DE,,2023,2022,74,242,4.73,35,118,21,6.95,4.3,850.4651,467.6279,434.1439,6495.8028,12,2,38,27,65,76,2,0,1,1,1,1,1,1,0,0,0,UDFA,,,,
Shane,Ray,DE,,2015,2014,75,245,4.68,,,21,,,870.2069,,,,14.5,1,47,18,65,-94,0,0,1,0,0,1,0,0,4,0,1,DRAFTED,1,23,23,DEN
Wyatt,Ray,DE,,2019,2018,75,257,4.83,34,118,25,7.34,4.31,884.4805,495.4609,436.5562,6766.4164,9,0,23,21,44,58,2,0,1,1,1,1,1,1,0,0,0,UDFA,,,,
Cedric,Reed,DE,,2015,2014,77,269,4.89,,,22,,,914.42,,,,5.5,0,37,31,68,-37,0,0,1,0,0,1,0,0,4,0,0,UDFA,,,,
D'Aundre,Reed,DE,,2011,2010,76,261,4.84,36,119,30,7.24,4.32,896.3909,502.0076,449.4745,6921.1047,2,0,32,8,40,-16,0,0,1,1,1,1,1,1,0,0,1,DRAFTED,7,215,215,MIN
Quinton,Reese,DE,,2000,2024,76,283,5.13,30,101,18,7.91,4.68,917.0043,502.4514,446.0803,5832.5619,2,1,25,15,40,18,0,0,1,1,1,1,1,1,0,0,1,DRAFTED,6,181,181,DET
Elijah,Roberts,DE,,2025,2024,76,285,4.78,32,116,,,,991.104,,,7106.5127,7.5,2,17,18,35,57,1,0,1,1,1,0,0,0,3,0,1,DRAFTED,5,157,157,TB
Chop,Robinson,DE,,2024,2023,75,254,4.48,35,128,,,4.25,942.4493,496.5904,,7537.5397,4,2,12,3,15,26,1,0,1,1,1,0,0,1,2,0,0,UDFA,,,,
Darius,Robinson,DE,,2024,2023,77,285,4.95,35,111,21,,,957.0661,,,6693.8897,8.5,1,34,27,61,81,1,0,1,1,1,1,0,0,2,0,1,DRAFTED,1,27,27,ARI
Dominique,Robinson,DE,,2022,2021,77,253,4.72,41,121,25,,,891.0064,,,6941.8266,4.5,0,13,15,28,35,0,0,1,1,1,1,0,0,2,0,1,DRAFTED,5,174,174,CHI
Que,Robinson,DE,,2025,2024,76,243,,,,,,,,,,,4,1,11,12,23,34,0,0,0,0,0,0,0,0,6,0,1,DRAFTED,4,134,134,DEN
Tavius,Robinson,DE,,2023,2022,78,257,4.66,34,120,23,,4.62,916.747,462.2157,,6931.4656,7,5,17,27,44,57,1,0,1,1,1,1,0,1,1,0,0,UDFA,,,,
Isaac,Rochell,DE,,2017,2014,76,280,4.89,32,114,25,,,951.8126,,,6851.2589,2.5,0,19,20,39,-21,0,0,1,1,1,1,0,0,2,0,1,DRAFTED,7,225,225,LAC
Javon,Rolland-Jones,DE,,2018,2017,74,253,4.88,,,23,,,861.793,,,,13,3,29,27,56,85,1,0,1,0,0,1,0,0,4,0,0,UDFA,,,,
Kaimon,Rucker,DE,,2025,2024,73,254,,,,27,,,,,,,6,0,16,14,30,35,1,1,0,0,0,1,0,0,5,0,0,UDFA,,,,
Ryan,Russell,DE,,2015,2014,76,269,4.75,33,119,25,7.25,4.47,941.3713,500.0325,462.6125,7065.4319,3,0,27,15,42,-26,0,0,1,1,1,1,1,1,0,0,1,DRAFTED,5,163,163,DAL
Michael,Sam,DE,,2014,2013,74,261,4.91,26,114,17,7.8,4.7,883.6114,461.4197,417.2045,6508.4817,11.5,0,31,17,48,-68,0,0,1,1,1,1,1,1,0,0,1,DRAFTED,7,249,249,LAR
Myjai,Sanders,DE,,2022,2021,77,228,4.67,33,120,,,4.37,811.5593,433.5178,,6408.2793,2.5,0,17,24,41,12,6,0,1,1,1,0,0,1,2,0,1,DRAFTED,3,100,100,ARI
Jack,Sawyer,DE,,2025,2024,76,260,,,,,,,,,,,9,3,25,34,59,68,6,1,0,0,0,0,0,0,6,12,1,DRAFTED,4,123,123,PIT
Thomas,Schaffer,DE,,2021,2020,78,302,,,,23,,,,,,,3,0,15,5,20,14,0,0,0,0,0,1,0,0,5,0,0,UDFA,,,,
Nic,Scourton,DE,,2025,2024,75,257,,,,,,,,,,,5,1,27,10,37,21,2,0,0,0,0,0,0,0,6,0,1,DRAFTED,2,51,51,CAR
Jabaal,Sheard,DE,,2011,2010,75,264,4.68,31,115,,,,937.6923,,,6645.129,9,0,34,18,52,-65,0,0,1,1,1,0,0,0,3,0,1,DRAFTED,2,37,37,CLE
Derrick,Shelby,DE,,2012,2011,75,266,4.87,36,116,26,7.09,4.5,907.9354,491.1596,467.7766,6763.7354,5,0,26,26,52,-46,0,1,1,1,1,1,1,1,0,21,0,UDFA,,,,
Garrett,Sickels,DE,,2017,2016,75,261,4.9,28,105,20,7.21,4.41,885.4147,491.7625,451.3447,5765.7603,6,0,23,24,47,42,0,0,1,1,1,1,1,1,0,0,0,UDFA,,,,
Aldon,Smith,DE,,2011,2010,76,263,4.74,34,118,20,7.19,4.5,922.3159,485.6202,456.0684,6874.6619,5.5,0,34,14,48,-30,0,1,1,1,1,1,1,1,0,58,1,DRAFTED,1,7,7,SF
Antonio,Smith,DE,,2004,2023,75,274,5.03,33,108,24,,4.75,905.4925,479.3033,,6247.8659,2,0,2,1,3,16,0,0,1,1,1,1,0,1,1,0,1,DRAFTED,5,135,135,ARI
Jacquies,Smith,DE,,2012,2011,75,253,4.75,32,110,21,7.25,4.31,885.3789,487.7494,435.0966,6034.056,5,1,21,18,39,-27,0,0,1,1,1,1,1,1,0,0,0,UDFA,,,,
Preston,Smith,DE,,2015,2014,77,271,4.74,34,121,24,7.07,4.28,950.3711,526.113,477.9176,7266.563,9,0,20,26,46,-59,0,2,1,1,1,1,1,1,0,35,1,DRAFTED,2,38,38,WAS
Quanterus,Smith,DE,,2013,2012,77,250,4.74,,,,,,876.7261,,,,12.5,0,27,10,37,-85,0,0,1,0,0,0,0,0,5,0,1,DRAFTED,5,146,146,DEN
Sutton,Smith,DE,,2019,2018,73,233,4.69,32,118,25,6.75,4.32,825.8199,448.1524,430.3832,6333.4346,15,4,43,18,61,102,1,0,1,1,1,1,1,1,0,0,1,DRAFTED,6,175,175,PIT
Tyreke,Smith,DE,,2022,2021,75,254,4.86,34,117,,,,868.7598,,,6629.7691,3,1,12,14,26,19,2,0,1,1,1,0,0,0,3,0,1,DRAFTED,5,158,158,SEA
Will,Smith,DE,,2004,2013,75,275,4.6,,,,,,993.75,,,,4.5,0,86,34,120,-25,0,0,1,0,0,0,0,0,5,0,1,DRAFTED,1,18,18,NO
Za'Darius,Smith,DE,,2015,2014,76,274,4.83,29,113,23,7.42,4.66,942.987,488.5603,460.4153,6660.4889,4.5,0,26,34,60,-39,0,0,1,1,1,1,1,1,0,0,1,DRAFTED,4,122,122,BAL
Dawuane,Smoot,DE,,2017,2016,75,264,4.77,30,117,,7.18,4.39,920,499.6811,458.4401,6810.1782,5,1,30,26,56,-32,0,0,1,1,1,0,1,1,1,0,1,DRAFTED,3,68,68,JAX
Javon,Solomon,DE,,2024,2023,73,246,4.72,37,119,23,,,866.354,,,6650.491,16,3,26,29,55,102,0,0,1,1,1,1,0,0,2,0,1,DRAFTED,5,168,168,BUF
Scott,Solomon,DE,,2012,2011,75,262,4.88,35,124,34,7.17,4.25,892.4497,512.231,455.6016,7351.7686,8.5,0,36,18,54,-36,0,0,1,1,1,1,1,1,0,0,1,DRAFTED,7,211,211,TEN
Barryn,Sorrell,DE,,2025,2024,75,256,4.68,34,121,28,7.06,4.36,909.2774,487.8732,452.104,6995.9493,6,0,16,28,44,37,1,0,1,1,1,1,1,1,0,0,1,DRAFTED,4,124,124,GB
Noah,Spence,DE,,2016,2013,74,251,4.8,35,121,25,7.21,4.35,869.2301,479.4441,434.0518,6905.7448,8,0,24,27,51,-68,0,0,1,1,1,1,1,1,0,0,1,DRAFTED,2,39,39,TB
Damion,Square,DE,,2013,2012,74,293,5.23,,,,,,931.2541,,,,3.5,0,11,22,33,-14,0,0,1,0,0,0,0,0,5,0,0,UDFA,,,,
Josaiah,Stewart,DE,,2025,2024,73,249,,,,,,,,,,,8.5,2,22,11,33,67,0,0,0,0,0,0,0,0,6,0,1,DRAFTED,3,90,90,LAR
Walter,Stewart,DE,,2013,2012,76,246,4.69,,,,,,871.8957,,,,5,0,10,12,22,-40,0,0,1,0,0,0,0,0,5,0,0,UDFA,,,,
Ed,Stinson,DE,,2014,2013,75,287,4.98,,,,,,957.9765,,,,1.5,0,19,22,41,-6,0,0,1,0,0,0,0,0,5,0,1,DRAFTED,5,160,160,ARI
Kentavius,Street,DE,,2018,2017,74,280,4.87,,,28,,,955.7215,,,,3.5,1,16,22,38,15,2,0,1,0,0,1,0,0,4,0,1,DRAFTED,4,128,128,SF
Josh,Sweat,DE,,2018,2017,76,251,4.53,40,124,,,4.28,921.0385,487.2855,,7153.3186,5.5,0,31,25,56,22,3,0,1,1,1,0,0,1,2,0,1,DRAFTED,4,130,130,PHI
Montez,Sweat,DE,,2019,2018,78,260,4.41,36,125,21,7,4.29,980.0247,503.5813,463.1039,7398.2114,8.5,1,24,26,50,69,0,0,1,1,1,1,1,1,0,0,1,DRAFTED,1,26,26,WAS
Bradyn,Swinson,DE,,2025,2024,76,255,,,,,7.13,4.33,,489.3345,445.9167,,8.5,2,31,28,59,60,3,0,0,0,0,0,1,1,4,0,1,DRAFTED,5,146,146,NE
Myron,Tagovailoa-Amosa,DE,,2022,2021,74,270,4.81,29,115,,,,933.0845,,,6753.3745,2,1,18,7,25,8,1,0,1,1,1,0,0,0,3,0,0,UDFA,,,,
Charles,Tapper,DE,,2016,2015,75,271,4.59,34,119,23,,,981.429,,,7101.5138,7,3,31,19,50,-38,0,0,1,1,1,1,0,0,2,0,1,DRAFTED,4,101,101,DAL
Devin,Taylor,DE,,2013,2012,79,266,4.72,35,128,14,6.89,4.3,936.7893,514.0042,481.3551,7754.0306,3,0,27,18,45,-22,0,0,1,1,1,1,1,1,0,0,1,DRAFTED,4,132,132,DET
Noah,Taylor,DE,,2023,2022,76,238,,,,22,,,,,,,2,0,10,13,23,14,2,0,0,0,0,1,0,0,5,0,0,UDFA,,,,
Kayvon,Thibodeaux,DE,,2022,2021,76,254,4.58,,,27,,,921.8718,,,,7,2,35,14,49,53,1,0,1,0,0,1,0,0,4,0,1,DRAFTED,1,5,5,NYG
Cameron,Thomas,DE,,2022,2021,76,267,,,,24,,,,,,,11.5,1,30,41,71,63,0,0,0,0,0,1,0,0,5,0,1,DRAFTED,3,87,87,ARI
Chad,Thomas,DE,,2018,2017,78,281,4.92,29,116,,,,949.3875,,,7034.3491,5.5,0,19,22,41,21,1,0,1,1,1,0,0,0,3,0,1,DRAFTED,3,67,67,CLE
Isaiah,Thomas,DE,,2022,2021,77,266,4.7,32,117,,,,940.7756,,,6846.26,8,3,18,20,38,51,4,0,1,1,1,0,0,0,3,0,1,DRAFTED,7,223,223,CLE
Solomon,Thomas,DE,,2017,2016,75,273,4.69,35,126,30,6.95,4.28,967.5916,529.9958,489.7574,7715.2678,8,1,40,21,61,46,0,0,1,1,1,1,1,1,0,0,1,DRAFTED,1,3,3,SF
Xavier,Thomas,DE,,2024,2023,74,244,4.62,33,120,26,,,877.9103,,,6696.9338,3,0,16,9,25,11,2,0,1,1,1,1,0,0,2,0,1,DRAFTED,5,138,138,ARI
Shaka,Toney,DE,,2021,2020,74,242,4.51,39,128,24,6.95,4.28,891.9512,469.8131,434.1439,7321.0488,5,1,21,10,31,34,1,0,1,1,1,1,1,1,0,0,1,DRAFTED,7,246,246,
Bralen,Trice,DE,,2024,2023,76,245,4.72,,,,,,862.8322,,,,7,1,30,19,49,34,2,0,1,0,0,0,0,0,5,0,1,DRAFTED,3,74,74,ATL
JT,Tuimoloau,DE,,2025,2024,76,265,,,,,,,,,,,12.5,2,35,26,61,80,3,0,0,0,0,0,0,0,6,0,1,DRAFTED,2,45,45,IND
Tuli,Tuipulotu,DE,,2023,2022,75,266,,,,,,,,,,,13.5,2,31,15,46,100,3,0,0,0,0,0,0,0,6,0,1,DRAFTED,2,54,54,LAC
Zion,Tupuola-Fetui,DE,,2024,2023,75,244,,,,,,,,,,,3.5,1,15,14,29,32,0,0,0,0,0,0,0,0,6,0,0,UDFA,,,,
Kemoko,Turay,DE,,2018,2017,77,253,4.65,,,,,,904.4194,,,,4,1,32,28,60,27,1,0,1,0,0,0,0,0,5,0,1,DRAFTED,2,52,52,IND
Dallas,Turner,DE,,2024,2023,75,247,4.46,41,127,,,,920.586,,,7328.7287,10,2,28,25,53,68,1,0,1,1,1,0,0,0,3,0,1,DRAFTED,1,17,17,MIN
David,Ugwoegbu,DE,,2024,2023,76,250,,32,,21,,,,,,,3,1,28,13,41,10,3,0,0,1,0,1,0,0,4,0,0,UDFA,,,,
Princely,Umanmielen,DE,,2025,2024,76,244,4.72,38,126,,7.33,4.46,859.3105,454.5781,415.0391,7192.0814,10.5,1,19,18,37,70,0,0,1,1,1,0,1,1,1,0,1,DRAFTED,3,77,77,CAR
Courtney,Upshaw,DE,,2012,2011,74,272,4.74,,,22,,,953.878,,,,9.5,0,36,16,52,-61,0,1,1,0,0,1,0,0,4,45,1,DRAFTED,2,35,35,BAL
Brent,Urban,DE,,2014,2012,79,295,4.98,,,,,,984.6796,,,,2,1,7,13,20,-10,0,0,1,0,0,0,0,0,5,0,1,DRAFTED,4,134,134,BAL
Olivier,Vernon,DE,,2012,2011,74,261,4.73,35,122,31,7.39,4.5,917.2372,481.9273,440.3512,7168.6785,1.5,0,15,3,18,-5,0,0,1,1,1,1,1,1,0,0,1,DRAFTED,3,72,72,MIA
Jared,Verse,DE,,2024,2023,76,254,4.58,35,127,31,7.31,4.44,921.8718,475.3399,433.2309,7455.0151,9,1,14,24,38,68,0,0,1,1,1,1,1,1,0,0,1,DRAFTED,1,19,19,LAR
D'Andre,Walker,DE,,2019,2018,74,251,,,,,,,,,,,7.5,4,23,22,45,43,3,0,0,0,0,0,0,0,6,0,1,DRAFTED,5,168,168,TEN
DeMarcus,Walker,DE,,2017,2016,76,280,,,,18,,,,,,,16,3,45,22,67,118,2,0,0,0,0,1,0,0,5,0,1,DRAFTED,2,51,51,DEN
Travon,Walker,DE,,2022,2021,77,272,4.51,36,123,,6.89,4.32,1002.5237,523.165,492.2127,7449.6531,6,0,19,18,37,46,2,0,1,1,1,0,1,1,1,0,1,DRAFTED,1,1,1,JAX
Cornelius,Washington,DE,,2013,2011,76,265,4.55,39,128,36,,,968.1369,,,7735.9897,5,0,11,6,17,-44,0,0,1,1,1,1,0,0,2,0,1,DRAFTED,6,188,188,CHI
J.J.,Watt,DE,,2011,2010,77,290,4.81,37,120,34,6.88,4.21,1002.2019,572.3602,525.5484,7526.8156,7,2,43,19,62,-56,0,1,1,1,1,1,1,1,0,15,1,DRAFTED,1,11,11,HOU
Eric,Watts,DE,,2024,2023,78,274,4.67,37,117,21,7.59,4.73,975.2949,481.33,450.103,6990.5873,2,2,17,17,34,10,1,0,1,1,1,1,1,1,0,0,0,UDFA,,,,
Bjoern,Werner,DE,,2013,2012,75,266,4.83,31,111,25,7.3,4.4,915.4545,502.3223,454.32,6351.1124,13,0,30,12,42,-116,0,0,1,1,1,1,1,1,0,0,1,DRAFTED,1,24,24,IND
Tyrus,Wheat,DE,,2023,2022,74,263,4.65,29,113,,,4.54,940.1672,481.3416,,6462.0389,6,0,25,29,54,36,2,1,1,1,1,0,0,1,2,0,0,UDFA,,,,
Keion,White,DE,,2023,2022,77,285,,34,117,30,,,,,,7189.0373,7.5,0,29,25,54,49,1,0,0,1,1,1,0,0,3,0,1,DRAFTED,2,46,46,NE
Markus,White,DE,,2011,2010,75,266,4.86,33,117,14,7.25,4.51,909.8036,490.0706,457.4533,6846.26,8,0,37,21,58,-38,0,0,1,1,1,1,1,1,0,0,1,DRAFTED,7,224,224,WAS
Jojo,Wicker,DE,,2018,2017,75,296,5.16,30,105,25,,,953.5518,,,6397.1921,6,1,30,12,42,34,1,0,1,1,1,1,0,0,2,0,0,UDFA,,,,
Andrew,Williams,DE,,2003,2016,74,263,4.7,32,113,29,7.53,4.47,930.1654,488.8794,435.4757,6462.0389,3,0,7,5,12,14,0,0,1,1,1,1,1,1,0,0,1,DRAFTED,3,89,89,SF
Kevin,Williams,DE,,2003,2014,77,304,4.81,30,112,23,7.66,5.04,1050.584,501.1833,494.8208,7119.1916,3,0,5,14,19,-29,0,0,1,1,1,1,1,1,0,0,1,DRAFTED,1,9,9,MIN
Mykel,Williams,DE,,2025,2024,77,260,,,,,,,,,,,5,2,15,6,21,43,1,0,0,0,0,0,0,0,6,0,1,DRAFTED,1,11,11,SF
Sam,Williams,DE,,2022,2021,76,261,4.46,33,123,,,,972.765,,,7251.2031,12.5,4,31,26,57,63,1,0,1,1,1,0,0,0,3,0,1,DRAFTED,2,56,56,DAL
Tourek,Williams,DE,,2013,2012,75,260,4.92,33,112,25,,,878.4368,,,6325.3916,6.5,1,29,17,46,-57,0,0,1,1,1,1,0,0,2,0,1,DRAFTED,6,179,179,LAC
Tre,Williams,DE,,2022,2021,76,253,5.08,27,104,,7.2,4.24,827.8642,495.8019,438.1181,5538.9084,6,0,11,17,28,26,0,0,1,1,1,0,1,1,1,0,0,UDFA,,,,
Jordan,Willis,DE,,2017,2016,76,255,4.53,39,125,24,6.85,4.28,935.7164,495.051,464.144,7308.0068,11.5,1,34,18,52,84,3,0,1,1,1,1,1,1,0,0,1,DRAFTED,3,73,73,CIN
Tyree,Wilson,DE,,2023,2022,78,271,,,,23,,,,,,,7,1,36,25,61,47,0,0,0,0,0,1,0,0,5,0,1,DRAFTED,1,7,7,LV
Anthony,Winbush,DE,,2018,2017,73,249,,,110,25,,,,,,5961.8924,11.5,5,28,23,51,69,0,0,0,0,1,1,0,0,4,0,0,UDFA,,,,
Billy,Winn,DE,,2012,2011,76,294,4.86,27,107,24,7.37,4.44,1005.5724,550.1966,497.3739,6526.1595,3,0,18,15,33,-16,0,0,1,1,1,1,1,1,0,0,1,DRAFTED,6,205,205,CLE
Chase,Winovich,DE,,2019,2018,75,256,4.59,31,116,18,6.94,4.11,927.1064,517.5492,459.9214,6583.3263,5,0,31,32,63,40,1,0,1,1,1,1,1,1,0,0,1,DRAFTED,3,77,77,NE
Ryan,Winterswyk,DE,,2011,2010,76,268,4.96,30,111,18,7.01,4.37,898.1635,509.5735,476.6723,6387.1942,1.5,0,21,22,43,-8,0,1,1,1,1,1,1,1,0,0,0,UDFA,,,,
Colby,Wooden,DE,,2023,2022,76,273,4.79,,115,23,,4.52,947.3913,501.8544,,6807.4972,6,3,36,9,45,48,3,0,1,0,1,1,0,1,2,0,1,DRAFTED,4,116,116,GB
Alex,Wright,DE,,2022,2021,77,271,,,,15,,,,,,,6,1,23,22,45,46,3,0,0,0,0,1,0,0,5,0,1,DRAFTED,3,78,78,CLE
Oshane,Ximines,DE,,2019,2018,75,253,4.78,34,118,24,7.13,4.57,879.8222,460,442.4194,6694.2528,12,4,32,26,58,79,2,1,1,1,1,1,1,1,0,14,1,DRAFTED,3,95,95,NYG
Trevon,Young,DE,,2018,2017,76,258,4.78,33,114,25,6.99,4.4,897.21,487.2149,460.199,6454.3589,4.5,0,37,25,62,20,5,0,1,1,1,1,1,1,0,0,1,DRAFTED,6,205,205,LAR